"text"
"TRUMP: I fully understand."
"TRUMP: I fully understand."
"TRUMP: I cannot say. I have to respect the person that, if it's not me, the person that wins, if I do win, and I'm leading by quite a bit, that's what I want to do. I can totally make that pledge. If I'm the nominee, I will pledge I will not run as an independent. But -- and I am discussing it with everybody, but I'm, you know, talking about a lot of leverage. We want to win, and we will win. But I want to win as the Republican. I want to run as the Republican nominee."
"PAUL: This is what's wrong!"
"PAUL: I mean, this is what's wrong. He buys and sells politicians of all stripes, he's already..."
"PAUL: Hey, look, look! He's already hedging his bet on the Clintons, OK? So if he doesn't run as a Republican, maybe he supports Clinton, or maybe he runs as an independent..."
"PAUL: ...but I'd say that he's already hedging his bets because he's used to buying politicians."
"TRUMP: Well, I've given him plenty of money."
"TRUMP: I will not make the pledge at this time."
"CARSON: Well, I could take issue with -- with all of those things, but we don't have time. But I will say, we have a debate here tonight, and we will have an opportunity to explore those areas, and I'm looking very much forward to demonstrating that, in fact, the thing that is probably most important is having a brain, and to be able to figure things out and learn things very rapidly. So, you know, experience comes from a large number of different arenas, and America became a great nation early on not because it was flooded with politicians, but because it was flooded with people who understood the value of personal responsibility, hard work, creativity, innovation, and that's what will get us on the right track now, as well."
"RUBIO: Well, thank you for the question, Chris, and it's great to be here tonight. Let me begin by saying this"
"BUSH: Absolutely, I do, and I'm gonna run hard, run with heart, and run to win. I'm gonna have to earn this. Maybe the barrier -- the bar's even higher for me. That's fine. I've got a record in Florida. I'm proud of my dad, and I'm certainly proud of my brother. In Florida, they called me Jeb, because I earned it. I cut taxes every year, totaling $19 billion. We were -- we had -- we balanced every budget. We went from $1 billion of reserves to $9 billion of reserves. We were one of two states that went to AAA bond rating. They keep -- they called me Veto Corleone. Because I vetoed 2,500 separate line-items in the budget. [applause] I am my own man. I governed as a conservative, and I govern effectively. And the net effect was, during my eight years, 1.3 million jobs were created. We left the state better off because I applied conservative principles in a purple state the right way, and people rose up. [applause]"
"TRUMP: Only Rosie O'Donnell. [laughter]"
"TRUMP: Thank you."
"TRUMP: Yes, I'm sure it was."
"TRUMP: I think the big problem this country has is being politically correct. [applause] I've been challenged by so many people, and I don't frankly have time for total political correctness. And to be honest with you, this country doesn't have time either. This country is in big trouble. We don't win anymore. We lose to China. We lose to Mexico both in trade and at the border. We lose to everybody. And frankly, what I say, and oftentimes it's fun, it's kidding. We have a good time. What I say is what I say. And honestly Megyn, if you don't like it, I'm sorry. I've been very nice to you, although I could probably maybe not be, based on the way you have treated me. But I wouldn't do that. [applause] But you know what, we -- we need strength, we need energy, we need quickness and we need brain in this country to turn it around. That, I can tell you right now."
"CRUZ: Chris, I believe the American people are looking for someone to speak the truth. [applause] If you're looking for someone to go to Washington, to go along to get along, to get -- to agree with the career politicians in both parties who get in bed with the lobbyists and special interests, then I ain't your guy. There is a reason... [applause] .... that we have $18 trillion in debt. Because as conservatives, as Republicans, we keep winning elections. We got a Republican House, we've got a Republican Senate, and we don't have leaders who honor their commitments. I will always tell the truth and do what I said I would do. [applause]"
"CHRISTIE: If you think it's bad now, you should've seen it when I got there. [laught and applause] The fact is -- the fact is, in the eight years before I became governor, taxes and fees were raised at the state level 115 times. In the eight years before I became governor, spending was increased 56 percent. And in the eight years before I become governor, taxes and fees were raised at the state level 115 times. In the eight years before I became Governor, spending was increased 56 percent, and in the eight years before I became governor, there was zero net private sector job growth in New Jersey. Zero. For eight years. So, what did we do? We came in, we balanced an $11 billion deficit on a $29 billion budget by cutting over 800 programs in the state budget. We brought the budget into balance with no tax increases. In fact, we vetoed five income tax increases during my time as governor. We cut business taxes $2.3 billion, and we cut regulation by one-third of what my predecessor put in place. And, what's happened since? A hundred ninety-two thousand private sector jobs in the five and a half years I've been governor. We have a lot of work to do in New Jersey, but I am darn proud we've brought our state back. [applause]"
"WALKER: Well, I'm pro-life, I've always been pro-life, and I've got a position that I think is consistent with many Americans out there in that... [applause] ...in that I believe that that is an unborn child that's in need of protection out there, and I've said many a time that that unborn child can be protected, and there are many other alternatives that can also protect the life of that mother. That's been consistently proven. Unlike Hillary Clinton, who has a radical position in terms of support for Planned Parenthood, I defunded Planned Parenthood more than four years ago, long before any of these videos came out... [applause] ...I've got a position that's in line with everyday America. [applause]"
"HUCKABEE: Chris, I disagree with the idea that the real issue is a constitutional amendment. That's a long and difficult process. I've actually taken the position that's bolder than that. A lot of people are talking about defunding planned parenthood, as if that's a huge game changer. I think it's time to do something even more bold. I think the next president ought to invoke the Fifth, and Fourteenth Amendments to the constitution now that we clearly know that that baby inside the mother's womb is a person at the moment of conception. The reason we know that it is is because of the DNA schedule that we now have clear scientific evidence on. And, this notion that we just continue to ignore the personhood of the individual is a violation of that unborn child's Fifth and 14th Amendment rights for due process and equal protection under the law. It's time that we recognize the Supreme Court is not the Supreme Being, and we change the policy to be pro-life and protect children instead of rip up their body parts and sell them like they're parts to a Buick. [applause]"
"PAUL: First of all, only ISIS is responsible for the terrorism. Only ISIS is responsible for the depravity. But, we do have to examine, how are we going to defeat ISIS? I've got a proposal. I'm the leading voice in America for not arming the allies of ISIS. [applause] I've been fighting amidst a lot of opposition from both Hillary Clinton, as well as some Republicans who wanted to send arms to the allies of ISIS. ISIS rides around in a billion dollars worth of U.S. Humvees. It's a disgrace. We've got to stop -- we shouldn't fund our enemies, for goodness sakes. So, we didn't create ISIS -- ISIS created themselves, but we will stop them, and one of the ways we stop them is by not funding them, and not arming them. [applause]"
"KASICH: Well, first of all... [applause] ...first of all, Megyn, you should know that -- that President Reagan expanded Medicaid three or four times. Secondly, I had an opportunity to bring resources back to Ohio to do what? To treat the mentally ill. Ten thousand of them sit in our prisons. It costs $22,500 a year... [applause] ...to keep them in prison. I'd rather get them their medication so they could lead a decent life. Secondly, we are rehabbing the drug-addicted. Eighty percent of the people in our prisons have addictions or problems. We now treat them in the prisons, release them in the community and the recidivism rate is 10 percent and everybody across this country knows that the tsunami of drugs is -- is threatening their very families. So we're treating them and getting them on their feet. And, finally, the working poor, instead of them having come into the emergency rooms where it costs more, where they're sicker and we end up paying, we brought a program in here to make sure that people could get on their feet. And do you know what? Everybody has a right to their God-given purpose. And finally, our Medicaid is growing at one of the lowest rates in the country. And, finally, we went from $8 billion in the hole to $2 billion in the black. We've cut $5 billion in taxes... [timer sounds] ...and we've grown 350,000 jobs. [applause]"
"BUSH: I do. I believe that the great majority of people coming here illegally have no other option. They want to provide for their family. But we need to control our border. It's not -- it's our responsibility to pick and choose who comes in. So I -- I've written a book about this and yet this week, I did come up with a comprehensive strategy that -- that really mirrored what we said in the book, which is that we need to deal with E-Verify, we need to deal with people that come with a legal visa and overstay. We need to be much more strategic on how we deal with border enforcement, border security. We need to eliminate the sanctuary cities in this country. It is ridiculous and tragic...[applause]...that people are dying because of the fact that -- that local governments are not following the federal law. There's much to do. And I think rather than talking about this as a wedge issue, which Barack Obama has done now for six long years, the next president -- and I hope to be that president -- will fix this once and for all so that we can turn this into a driver for high sustained economic growth. And there should be a path to earned legal status...[timer sounds] ...for those that are here. Not -- not amnesty, earned legal status, which means you pay a fine and do many things over an extended period of time."
"TRUMP: So, if it weren't for me, you wouldn't even be talking about illegal immigration, Chris. You wouldn't even be talking about it. [applause] This was not a subject that was on anybody's mind until I brought it up at my announcement. And I said, Mexico is sending. Except the reporters, because they're a very dishonest lot, generally speaking, in the world of politics, they didn't cover my statement the way I said it. The fact is, since then, many killings ,murders, crime, drugs pouring across the border, are money going out and the drugs coming in. And I said we need to build a wall, and it has to be built quickly. And I don't mind having a big beautiful door in that wall so that people can come into this country legally. But we need, Jeb, to build a wall, we need to keep illegals out. [cheering and applause]"
"TRUMP: Border Patrol, I was at the border last week. Border Patrol, people that I deal with, that I talk to, they say this is what's happening. Because our leaders are stupid. Our politicians are stupid. And the Mexican government is much smarter, much sharper, much more cunning. And they send the bad ones over because they don't want to pay for them. They don't want to take care of them. Why should they when the stupid leaders of the United States will do it for them? And that's what is happening whether you like it or not. [cheering and applause]"
"KASICH: Chris, first of all, I was just saying to Chris Christie, they say we're outspoken, we need to take lessons from Donald Trump if we're really going to learn it. Here is the thing about Donald Trump. Donald Trump is hitting a nerve in this country. He is. He's hitting a nerve. People are frustrated. They're fed up. They don't think the government is working for them. And for people who want to just tune him out, they're making a mistake. Now, he's got his solutions. Some of us have other solutions. You know, look, I balanced the federal budget as one of the chief architects when I was in Washington. Hasn't been done since. I was a military reformer. I took the state of Ohio from an $8 billion hole and a 350,000 job loss to a $2 billion surplus and a gain of 350,000 jobs."
"KASICH: But the point is that we all have solutions. Mr. Trump is touching a nerve because people want the wall to be built. They want to see an end to illegal immigration. They want to see it, and we all do. But we all have different ways of getting there. And you're going to hear from all of us tonight about what our ideas are."
"RUBIO: Let me set the record straight on a couple of things. The first is, the evidence is now clear that the majority of people coming across the border are not from Mexico. They're coming from Guatemala, El Salvador, Honduras. Those countries are the source of the people that are now coming in its majority. I also believe we need a fence. The problem is if El Chapo builds a tunnel under the fence, we have to be able to deal with that too. And that's why you need an e-verify system and you need an entry-exit tracking system and all sorts of other things to prevent illegal immigration. But I agree with what Governor Kasich just said. People are frustrated. This is the most generous country in the world when it comes to immigration. There are a million people a year who legally immigrate to the United States, and people feel like we're being taken advantage of. We feel like despite our generosity, we're being taken advantage of. And let me tell you who never gets talked about in these debates. The people that call my office, who have been waiting for 15 years to come to the United States. And they've paid their fees, and they hired a lawyer, and they can't get in. And they're wondering, maybe they should come illegally. [applause] And so these are important issues, and we should address it. It's a serious problem that needs to be addressed, and otherwise we're going to keep talking about this for the next 30 years, like we have for the last 30 years."
"WALKER: Chris, I actually said that on your show earlier this year. [crosstalk] I acknowledged that. I said I actually listened to the American people. And I think people across America want a leader who's actually going to listen to them. I talked to border state governors and other elected officials. I look at how this president, particularly through last November, messed up the immigration system in this country. Most importantly, I listened to the people of America. I believe we need to secure the border. I've been to the border with Governor Abbott in Texas and others, seeing the problems that they have there. There is international criminal organizations penetrating our southern based borders, and we need to do something about it. Secure the border, enforce the law, no amnesty, and go forward with the legal immigration system that gives priority to American working families and wages. [applause]"
"CRUZ: Chris, absolutely yes. And not only will I support it...[applause]...I have authored Kate's law in the United States Senate and filed that legislation. I tried to get the Senate to vote to pass Kate's law on the floor of the Senate just one week ago, and the leader of our own party blocked a vote on Kate's law. You know, there was reference made to our leaders being stupid. It's not a question of stupidity. It's that they don't want to enforce the immigration laws. That there are far too many in the Washington cartel that support amnesty. President Obama has talked about fundamentally transforming this country. There's 7 billion people across the face of the globe, many of whom want to come to this country. If they come legally, great. But if they come illegally and they get amnesty, that is how we fundamentally change this country, and it really is striking. A majority of the candidates on this stage have supported amnesty. I have never supported amnesty, and I led the fight against Chuck Schumer's gang of eight amnesty legislation in the Senate."
"CHRISTIE: Yes, I do. And I'll tell you why"
"PAUL: Megyn, may I respond? [applause] May I respond?"
"PAUL: I want to collect more records from terrorists, but less records from innocent Americans. The Fourth Amendment was what we fought the Revolution over! John Adams said it was the spark that led to our war for independence, and I'm proud of standing for the Bill of Rights, and I will continue to stand for the Bill of Rights. [applause]"
"CHRISTIE: And -- and, Megyn? Megyn, that's a -- that, you know, that's a completely ridiculous answer. ""I want to collect more records from terrorists, but less records from other people."" How are you supposed to know, Megyn?"
"PAUL: Use the Fourth Amendment!"
"CHRISTIE: What are you supposed to..."
"PAUL: Use the Fourth Amendment!"
"CHRISTIE: ...how are you supposed to -- no, I'll tell you how you, look..."
"PAUL: Get a warrant!"
"CHRISTIE: Let me tell you something, you go..."
"PAUL: Get a judge to sign the warrant!"
"CHRISTIE: When you -- you know, senator... [crosstalk]"
"CHRISTIE: Listen, senator, you know, when you're sitting in a subcommittee, just blowing hot air about this, you can say things like that. [applause] When you're responsible for protecting the lives of the American people, then what you need to do is to make sure..."
"PAUL: See, here's the problem."
"CHRISTIE: ...is to make sure that you use the system the way it's supposed to work."
"PAUL: Here's the problem, governor. Here's the problem, governor. You fundamentally misunderstand the Bill of Rights. Every time you did a case, you got a warrant from a judge. I'm talking about searches without warrants..."
"CHRISTIE: There is no..."
"PAUL: ...indiscriminately, of all Americans' records, and that's what I fought to end. I don't trust President Obama with our records. I know you gave him a big hug, and if you want to give him a big hug again, go right ahead. [applause]"
"CHRISTIE: And you know -- you know, Senator Paul? Senator Paul, you know, the hugs that I remember are the hugs that I gave to the families who lost their people on September 11th. Those are the hugs I remember, and those had nothing to do -- and those had nothing to do with politics, unlike what you're doing by cutting speeches on the floor of the Senate, then putting them on the Internet within half an hour to raise money for your campaign..."
"CHRISTIE: ...and while still putting our country at risk. [crosstalk]"
"CHRISTIE: You know what, Megyn, can I..."
"CRUZ: Megyn, we need a commander in chief that speaks the truth. We will not defeat radical Islamic terrorism so long as we have a president unwilling to utter the words, ""radical Islamic terrorism"". [applause] When I asked General Dempsey, the chairman of the joint chiefs, what would be required militarily to destroy ISIS, he said there is no military solution. We need to change the conditions on the ground so that young men are not in poverty and susceptible to radicalization. That, with all due respect, is nonsense. It's the same answer the State Department gave that we need to give them jobs. What we need is a commander in chief who makes -- clear, if you join ISIS, if you wage jihad on America, then you are signing your death warrant."
"CRUZ: Megyn, of course it's an ideological problem, that's one of the reasons I introduce the Expatriate Terrorist Act in the Senate that said if any American travels to the Middle East and joining ISIS, that he or she forfeits their citizenship so they don't use a passport to come back and wage jihad on Americans. [applause] Yes, it is ideological, and let me contrast President Obama, who at the prayer breakfast, essentially acted as an apologist. He said, ""Well, gosh, the crusades, the inquisitions--""[timer sounds] We need a president that shows the courage that Egypt's President al-Sisi did, a Muslim, when he called out the radical Islamic terrorists who are threatening the world. [applause]"
"BUSH: ...I remember..."
"BUSH: ...I remember, Megyn. [laughter]"
"BUSH: Knowing what we know now, with faulty intelligence, and not having security be the first priority when -- when we invaded, it was a mistake. I wouldn't have gone in, however, for the people that did lose their lives, and the families that suffer because of it -- I know this full well because as governor of the state of Florida, I called every one of them. Every one of them that I could find to tell them that I was praying for them, that I cared about them, and it was really hard to do. And, every one of them said that their child did not die in vain, or their wife, of their husband did not die in vain. So, why it was difficult for me to do it was based on that. Here's the lesson that we should take from this, which relates to this whole subject. Barack Obama became president, and he abandoned Iraq. He left, and when he left Al Qaida was done for. ISIS was created because [timer sounds] of the void that we left, and that void now exists as a caliphate the size of Indiana. To honor the people that died, we need to -- we need to --- stop the -- Iran agreement, for sure, because the Iranian mullahs have their blood on their hands, and we need to take out ISIS with every tool at our disposal. [applause]"
"WALKER: I don't know about additional ones. We need to focus on the ones we have. You look at Egypt, probably the best relationship we've had in Israel, at least in my lifetime, incredibly important. You look at the Saudis -- in fact, earlier this year, I met with Saudi leaders, and leaders from the United Arab Emirates, and I asked them what's the greatest challenge in the world today? Set aside the Iran deal. They said it's the disengagement of America. We are leading from behind under the Obama-Clinton doctrine -- America's a great country. We need to stand up and start leading again, and we need to have allies, not just in Israel, but throughout the Persian Gulf."
"CARSON: Well, thank you, Megyn, I wasn't sure I was going to get to talk again. [applause]"
"CARSON: Alright. You know, what we do in order to get the information that we need is our business, and I wouldn't necessarily be broadcasting what we're going to do. [applause] We. . .uh. . .we've gotten into this -- this mindset of fighting politically correct wars. There is no such thing as a politically correct war. [applause] And, the left, of course, will say Carson doesn't believe in the Geneva Convention. Carson doesn't believe in fighting stupid wars. And -- and what we have to remember is we want to utilize the tremendous intellect that we have in the military to win wars. And I've talked to a lot of the generals, a lot of our advanced people. And believe me, if we gave them the mission, which is what the commander-in-chief does, they would be able to carry it out. And if we don't tie their hands behind their back, they will do it...[timer sounds]...extremely effectively. [applause]"
"TRUMP: A complete disaster, yes."
"TRUMP: Correct."
"TRUMP: First of all, I'd like to just go back to one. In July of 2004, I came out strongly against the war with Iraq, because it was going to destabilize the Middle East. And I'm the only one on this stage that knew that and had the vision to say it. And that's exactly what happened."
"TRUMP: And the Middle East became totally destabilized. So I just want to say. As far as single payer, it works in Canada. It works incredibly well in Scotland. It could have worked in a different age, which is the age you're talking about here. What I'd like to see is a private system without the artificial lines around every state. I have a big company with thousands and thousands of employees. And if I'm negotiating in New York or in New Jersey or in California, I have like one bidder. Nobody can bid. You know why? Because the insurance companies are making a fortune because they have control of the politicians, of course, with the exception of the politicians on this stage. But they have total control of the politicians. They're making a fortune. Get rid of the artificial lines and you will have...[timer sounds]...yourself great plans. And then we have to take care of the people that can't take care of themselves. And I will do that through a different system. [crosstalk]"
"PAUL: I've got a news flash..."
"PAUL: News flash, the Republican Party's been fighting against a single-payer system..."
"PAUL: -- for a decade. So I think you're on the wrong side of this if you're still arguing for a single-payer system."
"TRUMP: I'm not -- I'm not are -- I don't think you heard me. You're having a hard time tonight."
"TRUMP: You'd better believe it."
"TRUMP: If I ask them, if I need them, you know, most of the people on this stage I've given to, just so you understand, a lot of money."
"RUBIO: Not me."
"HUCKABEE: Not me. [laughter] But you're welcome to give me a check, Donald if you'd like."
"TRUMP: Many of them."
"RUBIO: Actually, to be clear...[crosstalk]...he supported Charlie Crist."
"TRUMP: Not much."
"RUBIO: Hey, Charlie...[crosstalk]"
"TRUMP: But I...[crosstalk]"
"KASICH: Donald, if you...[crosstalk]"
"TRUMP: I have good..."
"KASICH: -- this campaign, I hope you will give to me."
"TRUMP: Good."
"KASICH: OK."
"TRUMP: Sounds good. Sounds good to me, Governor. I will tell you that our system is broken. I gave to many people, before this, before two months ago, I was a businessman. I give to everybody. When they call, I give. And do you know what? When I need something from them two years later, three years later, I call them, they are there for me. UNIDENTIFIED"
"TRUMP: And that's a broken system. UNIDENTIFIED"
"TRUMP: Well, I'll tell you what, with Hillary Clinton, I said be at my wedding and she came to my wedding. You know why? She didn't have a choice because I gave. I gave to a foundation that, frankly, that foundation is supposed to do good. I didn't know her money would be used on private jets going all over the world. It was. But...[timer sounds] [crosstalk]"
"WALKER: Just one second on this, though. We -- we spent a lot of time talking about Hillary Clinton and ---and pitting us back and forth. Let's be clear, we should be talking about Hillary Clinton on that last subject, because everywhere in the world that Hillary Clinton touched is more messed up today than before she and the president [inaudible]."
"WALKER: It's true."
"HUCKABEE: It's not too big to shrink. But the problem is we have a Wall Street-to-Washington axis of power that has controlled the political climate. The donor class feeds the political class who does the dance that the donor class wants. And the result is federal government keeps getting bigger. Every person on this stage who has been a governor will tell that you the biggest fight they had was not the other party. Wasn't even the legislature. It was the federal government, who continually put mandates on the states that we had to suck up and pay for. And the fact is there are a lot of things happening at the federal level that are absolutely beyond the jurisdiction of the Constitution. This is power that should be shifted back to the states, whether it's the EPA, there is no role at the federal level for the Department of Education. [cheering and applause] And I'm still one who says that we can get rid of the Internal Revenue Service if we would pass the FairTax, which is a tax on consumption rather than a tax on people's income, and move power back where the founders believed it should have been all along."
"CARSON: What I agree with is that we need a significantly changed taxation system. And the one that I've advocated is based on tithing, because I think God is a pretty fair guy. And he said, you know, if you give me a tithe, it doesn't matter how much you made. If you've had a bumper crop, you don't owe me triple tithes. And if you've had no crops at all, you don't owe me no tithes. So there must be something inherently fair about that. And that's why I've advocated a proportional tax system. You make $10 billion, you pay a billion. You make $10, you pay one. And everybody gets treated the same way. And you get rid of the deductions, you get rid of all the loopholes, and...[timer sounds]"
"CARSON: And I have a lot more to say about it."
"BUSH: No, I don't. And I don't believe the federal government should be involved in the creation of standards directly or indirectly, the creation of curriculum or content. It is clearly a state responsibility. I'm for higher standards... [applause] ...measured in an intellectually honest way, with abundant school choice, ending social promotion. And I know how to do this because as governor of the state of Florida I created the first statewide voucher program in the country, the second statewide voucher program, in the country and the third statewide voucher program in the country. And we had rising student achievement across the board, because high standards, robust accountability, ending social promotion in third grade, real school choice across the board, challenging the teachers union and beating them is the way to go. And Florida's low income kids had the greatest gains inside the country. Our graduation rate improved by 50 percent. That's what I'm for."
"RUBIO: Well, first off, I too believe in curriculum reform. It is critically important in the 21st Century. We do need curriculum reform. And it should happen at the state and local level. That's. . . that's. . . that is where educational policy belongs, because if a parent is unhappy with what their child is being taught in school, they can go to that local school board or their state legislature, or their governor and get it changed. Here's the problem with Common Core. The Department of Education, like every federal agency, will never be satisfied. They will not stop with it being a suggestion. They will turn it into a mandate. In fact, what they will begin to say to local communities is, you will not get federal money unless do you things the way we want you to do it. And they will use Common Core or any other requirements that exists nationally to force it down the throats of our people in our states. [applause]"
"BUSH: He is definitely my friend. And I think the states ought to create these standards. And if states want to opt out of Common Core, fine. Just make sure your standards are high. Because today in America, a third of our kids, after we spend more per student than any country in the world other than a couple rounding errors, to be honest with you, 30 percent are college- and/or career-ready. If we are going to compete in this world we're in today, there is no possible way we can do it with lowering expectations and dumbing down everything. Children are going to suffer and families' hearts are going to be broken that their kids won't be able to get a job in the 21st Century. [applause]"
"KASICH: Let's start off with my father being a mailman. So I understand the concerns of all the folks across this country, some of whom have trouble, you know, making ends meet. But I think she will come in a narrow way. The nominee of this party, if they're going to win, has got to come at it in a big way, which is pro-growth. Which is balancing budgets. You know, we were talking about it. People were saying, could we do it? I was the chairman of the Budget Committee and the lead architect the last time it happened in Washington, and when we did it we had great economic growth, we cut taxes, and we had a big surplus. Economic growth is the key. Economic growth is the key to everything. But once you have economic growth, it is important that we reach out to people who live in the shadows, the people who don't seem to ever think that they get a fair deal. And that includes people in our minority community; that includes people who feel as though they don't have a chance to move up. You know, America is a miracle country. And we have to restore the sense that the ""Amiracle"" will apply to you. Each and every one of the people in this country who's watching tonight, lift everybody, [timer sounds] unite everybody and build a stronger United States of America again. It will be and can be done."
"CARSON: If Hillary is the candidate, which I doubt, that would be a dream come true. [laughter] But you know, the fact of the matter is, she is the epitome of the progressive -- the secular progressive movement. And she counts on the fact that people are uninformed, the Alinsky Model, taking advantage of useful idiots. Well, I just happen to believe that people are not stupid. [applause] And the way I will come at it is to educate people, help people to actually understand that it is that progressive movement that is causing them the problems. You know, you look at the -- the national debt and how it's being driven up. If I was trying to destroy this country, what I would do is find a way to drive wedges between all the people, drive the debt to an unsustainable level, and then step off the stage as a world leader and let our enemies increase while we decreased our capacity as a military person. And that's what she's doing. [applause]"
"BUSH: We've done it 27 times since World War II. I think we need to lift our spirits and have high, lofty expectations for this great country of ours. The new normal of two percent that the left is saying you can't do anything about is so dangerous for our country. There's 6 million people living in poverty today, more than when Barack Obama got elected. 6.5 million people are working part-time, most of whom want to work full-time. We've created rules and taxes on top of every aspiration of people, and the net result is we're not growing fast, income's not growing. A four percent growth strategy means you fix a convoluted tax code. You get in and you change every aspect of regulations that are job killers. You get rid of Obamacare and replace it with something that doesn't suppress wages and kill jobs. [applause] You embrace the energy revolution in our country. This president and Hillary Clinton, who can't even say she's for the XL pipeline even after she's left? Give me a break. Of course we're for it. We should be for these things to create high sustained economic growth. And frankly, [timer sounds] fixing our immigration system and turning it into an economic driver is part of this as well. We can do this. [applause]"
"WALKER: Well, the voters in Wisconsin elected me last year for the third time because they wanted someone who aimed high, not aimed low. Before I came in, the unemployment rate was over eight percent. It's now down to 4.6 percent. We've more than made up for the jobs that were lost during the recession. And the rate in which people are working is almost five points higher than it is nationally. You know, people like Hillary Clinton think you grow the economy by growing Washington. One report last year showed that six of the top 10 wealthiest counties in America were in or around Washington, D.C.. I think most of us in America understand that people, not the government creates jobs. And one of the best things we can do is get the government out of the way, repeal Obamacare, put in -- reign in all the out of control regulations, put in place an all of the above energy policy, give people the education, the skills that the need to succeed, and lower the tax rate and reform the tax code. That's what I'll do as president, just like I did in Wisconsin. [applause]"
"CHRISTIE: No, he's not lying, he's just wrong. I mean, so, there's a difference -- I'm the only guy on this stage who's put out a detailed, 12 point plan on entitlement reform and here's why -- because 71% of federal spending right now is on entitlements, and debt service, 71%. And we have spent the last hour and five minutes talking about the other 29%, and no time on the 71%, and that makes no sense. Now, let me tell you exactly what we would do on Social Security. Yes, we'd raise the retirement age two years, and phase it in over 25 years, that means we'd raise it one month a year for 25 years when we're all living longer, and living better lives. Secondly, we would means test Social Security for those who are making over $200,000 dollars a year in retirement income, and have $4 to $5 million dollars in liquid assets saved. They don't need that Social Security check. Social Security is meant to be -- to make sure that no one who's worked hard, and played by the rules, and paid into the system grows old in poverty in America. If we don't deal with this problem, it will bankrupt our country, or lead to massive tax increases, neither one that we want in this country. [applause]"
"HUCKABEE: Well, let's all be reminded, 60 million Americans are on Social Security, 60 million. A third of those people depend on 90% of their income from Social Security. Nobody in this country is on Social Security because they made the decision when they were starting work at 14 that they wanted to trust some of their money with the government. The government took it out of their check whether they wanted them to or not. And, if person goes to 65, they're going to spend 51 years with the government reaching into their pocket at every paycheck. Now, here's the point, whose fault is it that the system is screwed up? Is it the recipients, or is it the government? And, if Congress wants to mess with the retirement program, why don't we let them start by changing their retirement program, and not have one, instead of talking about getting rid of Social Security and Medicare that was robbed $700 billion dollars to pay for Obamacare. It's always that the government figures that they can do this off the backs of people, many of whom are poor, and depend on that money, and I just think it's fundamentally lying to the people and stealing from them, and we shouldn't be doing it. [applause]"
"CHRISTIE: Chris..."
"CHRISTIE: Yeah, sure. And, I don't disagree with ending Congress' retirement program. I'm a governor, I don't have a retirement program in my state, and I don't disagree with that. But, here's the news to the American people, he's complaining about the lying and stealing. The lying and stealing has already occurred. The trust fund is filled with IOU's. We can't fix the problem just by ending Congress's retirement, that's worth about, ""this"" much. We need to go at the fundamental problem, and the fundamental problem is that this system is broken. It has been stolen from. We have been lied to, [timer sounds] and we need a strong leader to tell the truth and fix..."
"HUCKABEE: Well, you ask about how we fund it. One of the reasons that Social Security is in so much trouble is that the only funding stream comes from people who get a wage. The people who get wages is declining dramatically. Most of the income in this country is made by people at the top who get dividends and -- and capital gains. The FairTax transforms the process by which we fund Social Security and Medicare because the money paid in consumption is paid by everybody, including illegals, prostitutes, pimps, drug dealers, all the people [timer sounds] that are freeloading off the system now. [applause] That's why it ought to be a transformed system. [applause]"
"TRUMP: Because I have used the laws of this country just like the greatest people that you read about every day in business have used the laws of this country, the chapter laws, to do a great job for my company, for myself, for my employees, for my family, et cetera. I have never gone bankrupt, by the way. I have never. But out of hundreds of deals..."
"TRUMP: Excuse me. Excuse me."
"TRUMP: Excuse me, what am I saying? Out of hundreds of deals that I've done, hundreds, on four occasions I've taken advantage of the laws of this country, like other people. I'm not going to name their names because I'm not going to embarrass, but virtually every person that you read about on the front page of the business sections, they've used the law. The difference is, when somebody else uses those laws, nobody writes about it. When I use it, they say, ""Trump, Trump, Trump."" The fact is, I built a net worth of more than $10 billion. I have a great, great company. I employ thousands of people. And I'm very proud of the job I did. Again Chris, hundreds and hundreds of deals. Four times, I've taken advantage of the laws. And frankly, so has everybody else in my position."
"TRUMP: Well, I..."
"TRUMP: Let me just tell you about the lenders. First of all, these lenders aren't babies. These are total killers. These are not the nice, sweet little people that you think, OK? [laughter and applause] You know, I mean you're living in a world of the make-believe, Chris, you want to know the truth. [applause] And I had the good sense to leave Atlantic City, which by the way, Caesars just went bankrupt. Every company, Chris can tell you, every company virtually in Atlantic City went bankrupt. [laughter] Every company. And let me just tell you. I had the good sense, and I've gotten a lot of credit in the financial pages, seven years ago I left Atlantic City before it totally cratered, and I made a lot of money in Atlantic City, and I'm very proud of it. I want to tell you that. Very, very proud of it."
"TRUMP: And by the way, this country right now owes $19 trillion. And they need somebody like me to straighten out that mess.[applause]"
"RUBIO: That's a great question."
"RUBIO: That's a great question. First of all, it begins by having leaders that recognize that the economy we live in today is dramatically different from the one we had five years ago. It's an economy that now has placed us in global competition with dozens of other countries around the world. Now, the big companies that have connections with Washington, they can affect policies to help them, but the small companies like the one Tania is talking about, they're the ones that are struggling. The first thing we need to do is we need to even out the tax code for small businesses so that we lower their tax rate to 25 percent, just as we need to lower it for all businesses. We need to have a regulatory budget in America that limits the amount of regulations on our economy. We need to repeal and replace Obamacare and we need to improve higher education so that people can have access to the skills they need for 21st century jobs. And last but not least, we need to repeal Dodd-Frank. It is eviscerating small businesses and small banks. [applause] 20 <U+FFFD> over 40 percent of small and mid-size banks that loan money to small businesses have been wiped out over the <U+FFFD> since Dodd-Frank has passed. We need to repeal and replace Dodd-Frank. We need to make America fair again for all businesses, but especially those being run by small business owners."
"FIORINA: When America does not lead, the world is a dangerous and a tragic place. This is a bad deal. Obama broke every rule of negotiation. Yes, our allies are not perfect, but Iran is at the heart of most of the evil that is going on in the Middle East through their proxy. [video clip ends]"
"WALKER: Well, first off, let's remember. I still remember, as a kid, tying a yellow ribbon around a tree in front of my house during the 444 days that Iran held 52 Americans hostage. Iran is not a place we should be doing business with. To me, you terminate the deal on day one, you reinstate the sanctions authorized by Congress, you go to Congress and put in place even more crippling sanctions in place, and then you convince our allies to do the same. This is not just bad with Iran, this is bad with ISIS. It is tied together, and, once and for all, we need a leader who's gonna stand up and do something about it. It's yet another example of the failed foreign policy of the Obama-Clinton doctrine. [applause]"
"PAUL: I oppose the Iranian deal, and will vote against it. I don't think that the president negotiated from a position of strength, but I don't immediately discount negotiations. I'm a Reagan conservative. Reagan did negotiate with the Soviets. But you have to negotiate from a position of strength, and I think President Obama gave away too much, too early. If there's going to be a negotiation, you're going to have to believe somehow that the Iranians are going to comply. And I asked this question to John Kerry, I said ""do you believe they're trustworthy?"" and he said ""No."" And I said, ""well, how are we gonna get them to comply?"" I would have never released the sanctions before there was consistent evidence of compliance."
"HUCKABEE: Ronald Reagan said ""trust, but verify."" President Obama is ""trust, but vilify."" He trusts our enemies and vilifies everyone who disagrees with him. And the reason we disagree with him has nothing to do with party. [applause] [crosstalk]"
"HUCKABEE: It has to do with the incredibly dangerous place that this world is gonna be as a result of a deal in which we got nothing. We didn't even get four hostages out. We got nothing, and Iran gets everything they want. We said we would have anywhere, anytime negotiations and inspections, we gave that up. We said that we would make sure that they didn't have any nuclear capacity, we gave that up. The president can't tell us what we got. I'll tell you what the world got. The world has a burgeoning nuclear power that didn't, as the Soviets, say ""we might defend ourselves in a war."" What the Iranians have said is, ""we will wipe Israel off the face of the map, and we will bring death to America."" When someone points a gun at your head [timer sounds] and loads it, by God, you ought to take them seriously, and we need to take that seriously."
"RUBIO: Well, Megyn, first of all, I'm not sure that that's a correct assessment of my record. I would go on to add that I believe all--"
"RUBIO: I have never said that. And I have never advocated that. What I have advocated is that we pass law in this country that says all human life at every stage of its development is worthy of protection. In fact, I think that law already exists. It is called the Constitution of the United States. [applause] And let me go further. I believe that every single human being is entitled to the protection of our laws, whether they can vote or not. Whether they can speak or not. Whether they can hire a lawyer or not. Whether they have a birth certificate or not. And I think future generations will look back at this history of our country and call us barbarians for murdering millions of babies who we never gave them a chance to live. [applause]"
"TRUMP: I don't think they like me very much. I'll tell you what. I've evolved on many issues over the years. And you know who else has? Is Ronald Reagan evolved on many issues. And I am pro-life. And if you look at the question, I was in business. They asked me a question as to pro-life or choice. And I said if you let it run, that I hate the concept of abortion. I hate the concept of abortion. And then since then, I've very much evolved. And what happened is friends of mine years ago were going to have a child, and it was going to be aborted. And it wasn't aborted. And that child today is a total superstar, a great, great child. And I saw that. And I saw other instances. And I am very, very proud to say that I am pro-life. As far as being a Republican is concerned, I come from a place, New York City, which is virtually, I mean, it is almost exclusively Democrat. And I have really started to see some of the negatives -- as an example, and I have a lot of liking for this man, but the last number of months of [timer sounds] his brother's administration were a catastrophe. And unfortunately, those few months gave us President Obama. And you can't be happy about that. [applause]"
"BUSH: None of which is true."
"BUSH: No. It's not true. But I have said that Mr. Trump's language is divisive. I want to win. I want one of these people here or the ones at 5"
"TRUMP: First of all, Jeb, I am very happy that you denied that, and I appreciate that very much. He is a true gentleman. He really is. One thing he did say, and I mean that. The one thing he did say about me, however, was my tone. And I also understand that. But when you have people that are cutting Christians' heads off, when you have a world that the border and at so many places, that it is medieval times, we've never -- it almost has to be as bad as it ever was in terms of the violence and the horror, we don't have time for tone. [timer sounds] We have to go out and get the job done. [applause]"
"KASICH: Well, look, I'm an old-fashioned person here, and I happen to believe in traditional marriage. But I've also said the court has ruled --"
"KASICH: Wait, Megyn, the court has ruled, and I said we'll accept it. And guess what, I just went to a wedding of a friend of mine who happens to be gay. Because somebody doesn't think the way I do, doesn't mean that I can't care about them or can't love them. So if one of my daughters happened to be that, of course I would love them and I would accept them. Because you know what? [applause] That's what we're taught when we have strong faith. [applause] So the issues like that, issues like that are planted to divide us. I think the simple fact of the matter is, and this is where I would agree with Jeb, and I've been saying it all along, we need to give everybody a chance, treat everybody with respect, and let them share in this great American dream that we have, Megan. So, look, I'm going to love my daughters, I'm going to love them no matter what they do. Because, you know what, [timer sounds] God gives me unconditional love. I'm going to give it to my family and my friends and the people around me."
"PAUL: Look, I don't want my marriage or my guns registered in Washington. And if people have an opinion, it's a religious opinion that is heartly felt, obviously they should be allowed to practice that and no government should interfere with them. One of the things, one of the things that really got to me was the thing in Houston where you had the government, the mayor actually, trying to get the sermons of ministers. When the government tries to invade the church to enforce its own opinion on marriage, that's when it's time to resist."
"WALKER: Well, I think the most important thing we can do when it comes to policing -- it's something you've had a guest on who's a friend of mine Milwaukee County Sheriff David Clark, who's talked to me about this many times in the past -- it's about training. It's about making sure that law enforcement professionals, not only in the way in to their positions but all the way through their time, have the proper training, particularly when it comes to the use of force. And that we protect and stand up and support those men and women who are doing their jobs in law enforcement. And for the very few that don't, that there are consequences to show that we treat everyone the same here in America."
"TRUMP: I would be so different from what you have right now. Like, the polar opposite. We have a president who doesn't have a clue. I would say he's incompetent, but I don't want to do that because that's not nice. [laughter] But if you look at the deals we make, whether it's the nuclear deal with 24 hour periods -- and by the way, before you get to the 24 hours, you have to go through a system. You look at Sgt. Bergdahl, we get Bergdahl, a traitor, and they get five of the big, great killers leaders that they want. We have people in Washington that don't know what they're doing. Now... [applause; scream from audience] I agree. [applause] Now, with Iran, we're making a deal, you would say, we want him. We want out our prisoners. We want all these things, and we don't get anything. We're giving them $150 billion dollars plus, they are going to be -- I'll tell you what, if Iran was a stock, you folks should go out and buy it right now because you'll quadruple -- this, what's happening [timer sounds] in Iran, is a disgrace, and it's going to lead to destruction in large portions of the world. [applause]"
"CRUZ: Well, Bret, of course they have, and over the last six and a half years we've seen the consequences of the Obama-Clinton foreign policy. Leading from behind is a disaster. We have abandoned and alienated our friends and allies, and our enemies are stronger. Radical Islam is on the rise, Iran's on the verge of acquiring a nuclear weapon, China is waging cyber warfare against America, Russia -- General Soleimani, you just mentioned, the Iranian general is the head of the al Quds forces. He's directly responsible for the murder of over 500 American servicemen in Iraq, and part of this Iranian deal was lifting the international sanctions on General Soleimani. The day General Soleimani flew back from Moscow to Iran was the day we believed that Russia used cyber warfare against the Joint Chiefs. We need a new commander in chief that will stand up to our enemies, and that will have credibility... [applause] It is worth emphasizing that Iran released our hostages in 1981 the day Ronald Reagan was sworn into office. [applause]"
"CARSON: Well, what we have to stop and think about is that we have weakened ourselves militarily to such an extent that if affects all of our military policies. Our Navy is at its smallest size since 1917; our Air Force, since 1940. In recent testimony, the commandant of the Marine Corps said half of the non-deployed units were not ready and you know, the sequester is cutting the heart out of our personnel. Our generals are retiring because they don't want to be part of this, and at the same time, our enemies are increasing. Our -- our friends can't trust us anymore. You know, Ukraine was a nuclear-armed state. They gave away their nuclear arms with the understanding that we would protect them. We won't even give them offensive weapons. You know, we turned our back on Israel, our ally. You know, in a situation like that, of course Obama's not going to be able to do anything. I would shore up our military first, because if you don't get the military right, nothing else is going to work. [applause]"
"WALKER: Well first off, for the cyber attack with Russia the other day, it's sad to think right now, but probably the Russian and Chinese government know more about Hillary Clinton's e-mail server than do the members of the United States Congress. [laughter and applause] And -- and that has put our national security at risk. If I am president, he won't think about that. You know, Putin believes in the old Lenin adage"
"HUCKABEE: The military is not a social experiment. The purpose of the military is kill people and break things. [applause] It's not to transform the culture by trying out some ideas that some people think would make us a different country and more diverse. The purpose is to protect America. I'm not sure how paying for transgender surgery for soldiers, sailors, airmen, marines makes our country safer. We've reduced the military by 25 percent... [applause] ... under President Obama. The disaster is that we've forgotten why we have a military. The purpose of it is to make sure that we protect every American, wherever that American is, and if an American is calling out for help, whether it's in Benghazi or at the border, then we ought to be able to answer it. We've not done that because we've decimated our military. We're flying B-52s. The most recent one that was put in service was November of 1962. A lot of the B-52s we're flying, we've only got 44 that are in service combat ready, and the fact is, most of them are older than me. And that's pretty scary. [laughter and applause]"
"PAUL: Well, let's be clear, I'm the only one on the stage who actually has a five-year budget that balances. I've put pencil to paper..."
"PAUL: ... and I've said -- and I've said I would cut spending, and I've said exactly where. Each one of my budgets has taken a meat axe to foreign aid, because I think we ought to quit sending it to countries that hate us. [applause] I think we ought to quit sending it to countries that burn our flag. Israel is not one of those. But even Benjamin Netanyahu said that ultimately, they will be stronger when they're independent. My position is exactly the same. We shouldn't borrow money from China to send it anywhere, but why don't we start with eliminating aid to our enemies."
"PAUL: I still say exactly what my original opinion is. Do you borrow money from China to send it to anyone? Out of your surplus, you can help your allies, and Israel is a great ally. And this is no particular animus of Israel, but what I will say, and I will say over and over again, we cannot give away money we don't have. We do not project power from bankruptcy court. We're borrowing a million dollars a minute. [applause] It's got to stop somewhere."
"CHRISTIE: Well, listen. You know, if we want to deal with these issues, we have to deal with them in a way that makes sense. I agree with what Dr. Carson said earlier. The first thing we need to do to make America stronger is to strengthen our military, and I put out a really specific plan"
"CRUZ: Brett, can I -- Brett, can I jump in on this one?"
"CRUZ: Well, I am blessed to receive a word from God every day in receiving the scriptures and reading the scriptures. And God speaks through the Bible. [applause] I'm the son of a pastor and evangelist and I've described many times how my father, when I was a child, was an alcoholic. He wasn't a Christian. And my father left my mother and left me when I was just three years old. And someone invited him to Clay Road Baptist Church. And he gave his heart to Jesus and it turned him around. And he got on a plane and he flew back to my mother and me. [applause] I would also note that the scripture tells us, ""you shall know them by their fruit."" We see lots of ""campaign conservatives."" But if we're going to win in 2016, we need a consistent conservative, someone who has been a fiscal conservative, a social conservative, a national security conservative. There are real differences among the candidates on issues like amnesty, like Obamacare, like religious liberty, like life and marriage. And I have been proud to fight and stand for religious liberty, to stand against Planned Parenthood, to defend life for my entire career. And I will be proud to continue to do so as president of the United States. [cheering and applause]"
"KASICH: Well, Megyn, my father was a mailman. His father was a coal miner. My mother's mother could barely speak English. And their son today stands on this podium in the great state of Ohio not only as the governor, but a candidate for president of the United States. [cheering and applause] I do believe in miracles. You know, I've had a lot of elections. But my elections are really not about campaigns. I tell my people that these are about a movement. And a movement to do what? To restore common sense. A movement to do things like provide economic growth. And a movement not to let anybody be behind. You know, today the country is divided. You asked a question about the police and the difficulty in communities. We've got to unite our country again, because we're stronger when we are united and we are weaker when we are divided. And we've got to listen to other people's voices, respect them, but keep in mind, and I believe in terms of the things that I've read in my lifetime, the Lord'is not picking us. But because of how we respect human rights, because that we are a good force in the world, he wants America to be strong. He wants America to succeed. And he wants America to lead. And nothing is more important to me than my family, my faith, and my friends. [cheering and applause]"
"WALKER: Well, thanks, Megyn. I'm certainly an imperfect man. And it's only by the blood of Jesus Christ that I've been redeemed from my sins. So I know that God doesn't call me to do a specific thing, God hasn't given me a list, a Ten Commandments, if you will, of things to act on the first day. What God calls us to do is follow his will. And ultimately that's what I'm going to try to do. And I hope people've seen it in my state, even in the big challenges I took on when I had over 100,000 protesters in and around our capital, trying to do what I thought was the right thing. It wasn't just how I took on those political battles. It was ultimately how I acted. Not responding in kind. Not lashing out. But just being decent going forward and living my life in a way that would be a testimony to him and our faith. [applause]"
"RUBIO: Well, first, let me say I think God has blessed us. He has blessed the Republican Party with some very good candidates. The Democrats can't even find one. [laughter] [cheering and applause] And I believe God has blessed our country. This country has been extraordinarily blessed. And we have honored that blessing. And that's why God has continued to bless us. And he has blessed us with young men and women willing to risk their lives and sometimes die in uniform for the safety and security of our people. Unfortunately today we have a VA that does not do enough for them. I am proud that last year we helped change the law. We changed the law to give the power to the VA secretary the ability to fire any executive that isn't doing their job. And it is outrageous they've only fired one person to date. When I'm president of the United States, we're going to have a VA that cares more about our veterans than about the bureaucrats who work at the VA. [cheering and applause]"
"CARSON: Well, I think the bully pulpit is a wonderful place to start healing that divide. You know, we have the purveyors of hatred who take every single incident between people of two races and try to make a race war out of it, and drive wedges into people. And this does not need to be done. What we need to think about instead -- you know, I was asked by an NPR reporter once, why don't I talk about race that often. I said it's because I'm a neurosurgeon. And she thought that was a strange response. And you say -- I said, you see, when I take someone to the operating room, I'm actually operating on the thing that makes them who they are. The skin doesn't make them who they are. The hair doesn't make them who they are. And it's time for us to move beyond that. [applause] Because...[applause]...our strength as a nation comes in our unity. We are the United States of America, not the divided states. And those who want to destroy us are trying to divide us, and we shouldn't let them do it. [applause]"
"KASICH: You know, tonight we hear about what people want to do. I want to tell you what I've done. I was a member of the Armed Services Committee for 18 years. I spent a big chunk of my life studying national security issues and our role in the world. No. 2. I was the chairman of the House Budget Committee and one of the chief architects the last time we balanced a budget, and it was the first time we had done it since man walked on the moon. We had a $5 trillion surplus and we cut taxes. I spent ten years in the private sector, actually learning how business works. And now I'm the governor of Ohio, and I inherited a state that was on the brink [timer sounds] of dying. And we turned it all around with jobs and balanced budgets and rising credit and tax cuts, and the state is unified, and people have hope again in Ohio. [applause]"
"CHRISTIE: Well, thank you, Megyn. Listen, I was born into a middle class family in New Jersey. My dad came home from serving in the Army after having lost his father, worked in the Breyers ice cream plant in Newark, New Jersey. Was the first person to graduate from college. He put himself through college at night. My mom was a secretary. I was appointed United States attorney on September 10, 2001. And I spent the next seven years of my career fighting terrorism and putting terrorists in jail. I'm a conservative, pro-life governor in a state where it is really tough to be both. A state like New Jersey, with lots of Democrats, but still we cut taxes, we balanced budgets. We fought [timer sounds] the teacher's union. This president has had weak leadership, which has led to bad choices. We have got to stop worrying about being loved and start worrying about being respected. And that's exactly how I'll lead our country. [applause]"
"PAUL: I'm a different kind of Republican. I've introduced a five-year balanced budget. I've introduced the largest tax cut in our history. I stood for ten and a half hours on the Senate floor to defend your right to be left alone. [applause] But I've also gone to Chicago. I've gone to Detroit. I've been to Ferguson, I've been to Baltimore, because I want our party to be bigger, better and bolder, and I'm the only one that leads Hillary Clinton in five states that were won by President Obama. I'm a different kind of Republican. [applause]"
"RUBIO: Thank you. You know, both of my parents were born into poor families on the island of Cuba. They came to America because it was the only place where people like them could have a chance. Here in this country, they never made it big, but the very purpose of their life was to give us the chance to do all the things they never could. My father was a bartender. And the journey from the back of that bar to this stage tonight, to me, that is the essence of the American dream. It is what makes our nation different. And I'm running for president because I want that to still be possible for the people trying to do that now. I run for president because I believe that we can't just save the American dream; we can expand it to reach more people and change more lives than ever before. And that's why I'm asking for your vote. So we can make America greater than it has ever been. And make of this century a new American century. [applause]"
"CRUZ: If I'm elected president, let me tell you about my first day in office. The first thing I intend to do is to rescind every illegal and unconstitutional executive action taken by Barack Obama. [applause] The next thing I intend to do is instruct the Department of Justice to open an investigation into these videos and to prosecute Planned Parenthood for any criminal violations. [applause] The next thing I intend to do is instruct the Department of Justice and the IRS to start (sic) persecuting religious liberty, and then intend to cancel the Iran deal, and finally move the U.S. embassy in Israel to Jerusalem. [applause] I will keep my word. My father fled Cuba, and I will fight to defend liberty because my family knows what it's like to lose it."
"CARSON: Well, I haven't said anything about me being the only one to do anything, so let me try that. I'm the only one to separate Siamese twins...[laughter] The -- the only one to operate on babies while they were still in mother's womb, the only one to take out half of a brain, although you would think, if you go to Washington, that someone had beat me to it. [laughter] But I -- but I'm very hopeful that I'm not the only one who's willing to pick up the baton of freedom, because freedom is not free, and we must fight for it every day. Every one of us must fight for it, because we're fighting for our children and the next generation. [applause]"
"HUCKABEE: It seems like this election has been a whole lot about a person who's very high in the polls, that doesn't have a clue about how to govern. A person who has been filled with scandals, and who could not lead, and, of course, I'm talking about Hillary Clinton. [laughter] I think America..."
"HUCKABEE: ...is in trouble, but it's not beyond repair. But it's going to take leadership who sees the greatness of this country, and who believes that once again we can be one nation, under God. I'll be my best to do that, and thank you for your support. [applause]"
"WALKER: Thanks. I'm guy with a wife and two kids, and Harley. One article called me ""aggressively normal."" I ran for governor because I was worried about my kids' future. Then, I took on the big government union bosses, and we won. They tried to recall me, and we won. They target us again, and we won. We balanced the budget, cut taxes, and turned our state around with big, bold reforms. It wasn't too late for Wisconsin, and it's not too late for America. That's why I ask for your vote."
"BUSH: Here's what I believe. I believe we're at the verge of the greatest time to be alive in this world. But Washington is holding us back. How we tax, how we regulate. We're not embracing the energy revolution in our midst, a broken immigration system that has been politicized rather than turning it into an economic driver. We're not protecting and preserving our entitlement system or reforming for the next generation. All these things languish while we have politicians in Washington using these as wedge issues. Here's my commitment to you, because I did it as Florida. We can fix these things. We can grow economically and restore America's leadership in the world, so that everybody has a chance to rise up. I humbly ask for your vote, whenever you're gonna get to vote, whenever the primary is. Thank you all very much."
"TRUMP: Our country is in serious trouble. We don't win anymore. We don't beat China in trade. We don't beat Japan, with their millions and millions of cars coming into this country, in trade. We can't beat Mexico, at the border or in trade. We can't do anything right. Our military has to be strengthened. Our vets have to be taken care of. We have to end Obamacare, and we have to make our country great again, and I will do that. Thank you."
