"text"
"TRUMP: Well look, he was a failed candidate, he should have beaten president Obama very easy. He failed miserably, and it was an embarrassment to everybody, including the Republican party. It looked like he went away on a vacation the last month. So, I don't take that, and I guess, obviously, he wants to be relevant. He wants to be back in the game. As far as domestic policy and trade which is killing our country, he said free trade and I believe in free trade also. But, if you look at China, and you look Japan, and if you look at Mexico, both at the border, by the way, where they're killing us. Both at the border, and with trade <U+FFFD> and every other country we do business with we are getting absolutely crushed on trade. And, he said free trade, I say free trade great. But, not when they're beating us so badly. With China we're going to lose $505 billion dollars in terms of trades. You just can't do it. Mexico, $58 billion dollars. Japan, probably about, they don't know it yet, but about $109 billion dollars. Every country we lose money with. As far as I'm concerned, we've got to reduce <U+FFFD> we have to redo our trade deals 100 percent. I have the greatest business people in the world lined up to do it. We will make...[bell ringing]... great trade deals. [cheering]"
"TRUMP: I totally disavow the Klu Klux Klan. I totally disavow David Duke. I've been doing it now for two weeks, this is your <U+FFFD> you're probably about the 18th person that's asked me the question. It was very clear, that question was also talked about in the form of groups. Groups, I want to know which groups are you talking about? You have to tell me which groups? Ultimately, he got to the Klu Klux Klan, which obviously I'm going to disavow. And, by the way, if you look on my Twitter account, almost immediately after the program they were disavowed again. You know, it's amazing. When I do something on Twitter, everybody picks it up, goes all over the place. But, when I did this one nobody ever picks it up. Take a look at my Twitter account."
"TRUMP: Thank you. Thanks. [applause]"
"RUBIO: Yes, you know, Bret, let me say something. This campaign for the last year Donald Trump has basically mocked everybody with personal attacks. He has done so to people that are sitting on the stage today. He has done so about people that are disabled. He has done it about every candidate in this race. So if there is anyone who has ever deserved to be attacked that way, it has been Donald Trump, for the way he has treated people in the campaign. Now that said, I would much prefer to have a policy debate. I hope that's what we will have here tonight. Let's have a policy debate..."
"TRUMP: And we will."
"RUBIO: ... let's talk about Donald Trump's strategy and my strategy and Ted's strategy and John Kasich's strategy when it comes to ISIS. And on health care and on the important issues facing this country. But let's be honest too about all this. The media has given these personal attacks that Donald Trump has made an incredible amount of coverage. Let's start talking again about the issues that matter to this country. I'm ready to do that starting right here right now tonight."
"TRUMP: Well, I also happened to call him a lightweight, OK? And I have said that. So I would like to take that back. He is really not that much of a lightweight. And as far as <U+FFFD> and I have to say this, I have to say this. He hit my hands. Nobody has ever hit my hands. I have never heard of this. Look at those hands. Are they small hands? [laughter] And he referred to my hands, if they are small, something else must be small. I guarantee you there is no problem. I guarantee."
"CRUZ: Well, Megyn, you know, at the end of the day for the folks at home, this is not about the insults back and forth between the candidates. This is not about what attacks we can throw at each other. This is the people at home who are struggling through seven years of Barack Obama. This is the single moms who are working two and three jobs, 28, 29 hours a week because their hours have been forcibly reduced because of Obamacare. This is the truck drivers and the steel workers and the mechanics with calluses on their hands who have seen their wages not grow year after year after year while the cost of living goes up. This is all the young people coming out of school with student loans up to their eyeballs that aren't able to find a job. And I don't think the people of America are interested in a bunch of bickering school children. They are interested in solutions, not slogans. It's easy to say, make things better, make things great. You can even print it and put it on a baseball cap. But the question is, do you understand the principles that made America great in the first place? As president, I will repeal every word of Obamacare. I will pull back the regulators that are killing small businesses. And we will pass a simple flat tax and abolish the IRS. And what that's going to do, Megyn, is small businesses are going to explode. We are going to see millions of high-paying jobs. We are going to see wages going up. We are going to see opportunity. That's where our focus needs to be. That's where my focus is. And that is why our campaign is the only campaign that over and over again has beaten Donald Trump to date, and it's why we are the one campaign that going forward can and will beat Donald Trump in this election."
"TRUMP: I have heard Ted say that over and over again on television, that he is the only one that can beat me. Just, for the record, I have won 10. He has won three or four. Last week, in fact, on Tuesday, I was a half a million votes higher than him. I was a million votes higher than Marco, 1 million votes. That's a lot of votes. And was by far in first place. So I keep hearing that he is the only one that can beat me but he is getting beaten very, very badly. So where does this come from? Where does it come from?"
"RUBIO: Yes, I would just say a couple of things. There is no doubt that Donald has done well in these elections. There is no doubt about that. The numbers are there. Here is what the numbers also say. Two-thirds of the people who have cast a vote in a Republican primary or caucus have voted against you. They do not want you to be our nominee. And, the reason why is because we are not going to turn over the conservative movement, or the party of Lincoln or Reagan, for example, to someone whose positions are not conservative. To someone who last week defended Planned Parenthood for 30 seconds a debate stage. To someone, for example, that has no ideas on foreign <U+FFFD> someone who thinks the nuclear triad is a rock band from the 1980's."
"TRUMP: Oh yeah, you're..."
"RUBIO: ... To someone who time and again on issue after issue has not proven that he has the principals...[bell ringing]... That outline what the conservative movement has been about. And, as Ted said, the things that made America great. America is great because of the conservative principles of limited government and free enterprise, and a strong national defense..."
"RUBIO: ... And, our nominee needs to be someone that stands by those things..."
"RUBIO: ... Donald has not demonstrated that."
"TRUMP: Very nice words, but happens to be wrong. CNN just came out with a poll two days ago that..."
"RUBIO: ...[inaudible]"
"TRUMP: ... That national poll <U+FFFD> excuse me..."
"RUBIO: ...[inaudible]"
"TRUMP: ... The national poll <U+FFFD> a national poll where he's at 15, he's at 14..."
"RUBIO: ...[inaudible]..."
"TRUMP: ... And, I'm at 49, so when he says 75 percent, that would mean that 80 percent of the people don't dig you, and I'm back down to 50..."
"RUBIO: ... Of all the people on this stage, he performs the worst against Hillary Clinton."
"TRUMP: Wrong..."
"RUBIO: ... If you're our nominee, we will lose..."
"TRUMP: ... I beat Hillary Clinton. I beat Hillary Clinton in many polls..."
"RUBIO: ... You lose by [inaudible] points. She will wipe you out."
"TRUMP: I beat Hillary Clinton in many polls..."
"RUBIO: If you're our nominee [inaudible]..."
"TRUMP: ... I think I'm talking..."
"RUBIO: ... Oh, excuse me [inaudible]..."
"TRUMP: ... I beat Hillary Clinton..."
"TRUMP: ... I hope you think [inaudible]..."
"TRUMP: ... I beat Hillary Clinton in many polls. The Cue poll just came out. I beat Hillary Clinton in a recent Fox poll, I beat Hillary Clinton in USA Today, I beat her today in a poll in Ohio. I beat <U+FFFD> I'm the only one that beats Hillary Clinton. I beat <U+FFFD> and I have not started on Hillary yet. Believe me, I will...[cheering]... start soon. I haven't even started."
"KASICH: You know, this so much about process. It frankly is boring to me. I would like it clear though, since we're talking about polls, I beat Hillary Clinton by more than 11 points, and the reason it happens...[cheering]"
"TRUMP: ... In one poll..."
"KASICH: ... The reason it happens..."
"TRUMP: ... In one poll..."
"KASICH: ... You know, the reason is because, as the Democrats tell me all the time, I can get the crossover votes. You see, because throughout this campaign I've talked about issues, I have never tried to go and get into these scrums that we're seeing here on the stage. And, people say everywhere I go, ""you seem to be the adult on the stage."" [applause] In terms of <U+FFFD> you know, Mitt Romney's a great guy, but he doesn't determine my strategy. The fact of the matter is I'm running for president because I worked hard to fix this country when I was in Washington as the Chairman of the Budget Committee where we had some of the most significant job growth after we balanced the budget. We had wages going up, it was very successful in Ohio. Our wages grow faster than the national average. We're up over 400,000 jobs. We paid down, back in the old days, they paid down half a trillion dollars of the national debt. It's a formula that works. And, I believe that formula will work when I return to Washington as the president. And, by the way, I won't need on the job training because I know how to do all of this, and within the first 100 days I will have a plan that will pass the Congress because...[bell ringing]... It is reasonable, and I can bring both sides together...[applause]"
"KASICH: ... Well, Bret, I think we're all really there. I mean, the simple fact is that, you know, you all wrote me off. You wrote me off before I even got to New Hampshire, then when I finished in New Hampshire you wrote me off in the South, then you wrote me off in Super Tuesday. I split delegates in Vermont with Donald Trump, I finished second in Massachusetts, and we won delegates in Virginia. But, guess what? It's now March Madness and we're heading up North to the place <U+FFFD> to my turf, OK? [cheering] And, let me just tell you this, I will win Ohio, and I am going to move all across this country, and over time as people begin to finally hear my message <U+FFFD> you know what people say, Bret, to me all the time? Why don't they give you any time on the debate stage? Why is that? [cheering] So now all of a sudden, I'm starting to get it, and what I want the people to know is, I know how to bring people together, Republicans and Democrats. I have successfully, both at the federal level and the state level brought economic growth, wage growth, and economic security to this country. And I want to go back and do it again, and I'm going to keep talking about my message of bringing people together and motivating people in the neighborhoods that realize they don't need somebody from Washington galloping in. There are many things they can do where they live, because the strength of our country is in our neighborhoods and our families. And I'm going to keep doing this. [applause]"
"RUBIO: Well, first of all, government doesn't...[audience booing] First of all, Chris, my point is exactly right. He has spent a career of convincing Americans that he's something that he's not in exchange for their money. Now he's trying to do the same in exchange for their country. This is a fact. He talks about these great businesses that he's built. He inherited over $100 million."
"TRUMP: Wrong. Wrong."
"RUBIO: And with that money, he lost more money than he made."
"RUBIO: He can start tonight by announcing that all the Donald Trump clothing will no longer be made in China and in Mexico, but will be made here in the United States. [applause] And on the issue of job creation, I find this interesting. The private sector creates jobs. The jobs of those of us in public service are to put in place policies that allow the economy to grow. That's the problem with the Democratic Party. They think government is what creates jobs. Government does not create jobs. Now, the way you create jobs is you make America the easiest and the best place in the world to start a business or to expand an existing business. If you go on my website, marcorubio.com, you will see a real plan to fix our taxes, to roll back regulations, to repeal and replace Obamacare, not just lines around the states. Serious policies and proposals."
"TRUMP: This little guy has lied so much..."
"RUBIO: Here we go."
"TRUMP: ... about my record."
"RUBIO: Here we go. It's personal. [audience booing] [crosstalk]"
"TRUMP: He has lied so much about my record."
"TRUMP: And I will tell you this. First of all, I got a call from my sister and brother tonight, and they said we had no idea Dad gave you $200 million. Believe me, I started off with $1 million. I built a company that's worth more than $10 billion. And I say it not in a bragging way, but that's the kind of thinking we need. Very low debt, tremendous cash flow. My financials are all <U+FFFD> they're all in there with the federal elections. You've seen them. Everybody has seen them. I say it only because that's the kind of thinking this country needs with $19 trillion in debit. Believe me. [applause]"
"TRUMP: They devalue their currencies. I will do that. And by the way, I have been doing it more and more. But they devalue their currencies, in particular China. Mexico is doing a big number now, also. Japan is unbelievable what they're doing. They devalue their currencies, and they make it impossible for clothing-makers in this country to do clothing in this country. And if you look at what's happened on Seventh Avenue, and you look at what's happened in New York with the garment industry, so much of the clothing now comes out from Vietnam, China, and other places. And it's all because of devaluation. By the way, the Trans-Pacific, if you look at the TPP, a total disaster, which, by the way, Marco is in favor of, they need <U+FFFD> it is a disaster for our country. It's trying to be approved by various people, including President Obama. And I'll tell you something. The biggest problem with that is"
"TRUMP: And they're killing <U+FFFD> they're going to...[crosstalk]"
"RUBIO: The answer is, he's not going to do it. And you know why? Because there are plenty of clothing makers in America. [applause] [crosstalk]"
"RUBIO: If you go on my website, marcorubio.com, everything we have on there is made in America. The reason why he makes it in China or Mexico is because he can make more money on it. That's why he's doing it. And the second point, you see what happens, again, when you challenge him on a policy issue. You asked him about the economy, and the first thing he does is launch an attack about some little guy thing. Because he doesn't have answers."
"TRUMP: No, no. I have very good answers."
"RUBIO: And he's asking us to make him the president of the United States of America. [crosstalk] [applause]"
"RUBIO: This is not a game."
"TRUMP: I know what's happening with the economy. You don't know a thing."
"RUBIO: Well, then answer the economy question."
"TRUMP: You haven't employed in your life one person."
"RUBIO: But he doesn't answer the employment question."
"TRUMP: I have employed tens of thousands of people. [crosstalk] You haven't employed one person."
"RUBIO: You ever heard of Trump Steaks? You ever heard of Trump Vodka?"
"TRUMP: Oh, you know what? You know what? Take a look at Trump Steaks."
"RUBIO: All of these companies he has ruined."
"TRUMP: By the way, that's the other thing..."
"RUBIO: Trump Steaks is gone. You have ruined these companies."
"TRUMP: Mitt Romney...[crosstalk]... false, totally false. And now the funny thing is he didn't talk about the hundreds of really successful jobs, the buildings all over the world that have made a fortune. [crosstalk]"
"RUBIO: Let's see if he answers it."
"TRUMP: I will. Don't worry about it, Marco. Don't worry about it. Don't worry about it little Marco, I will."
"RUBIO: All right, well, let's hear it big Donald."
"TRUMP: Don't worry about it, little Marco. [crosstalk]"
"TRUMP: This guy has a number one <U+FFFD> the number one absentee record in the United States..."
"TRUMP: He doesn't show up to vote."
"TRUMP: That's why the people in Florida do not like him."
"TRUMP: Correct."
"TRUMP: Department of Education. We're cutting Common Core. We're getting rid of Common Core. We're bringing education locally. Department of Environmental Protection. We are going to get rid are of it in almost every form. We're going to have little tidbits left but we're going to take a tremendous amount out. We have various other things. If you look at the IRS, if you look at every single agency, we can cut it down, and I mean really cut it down and save. The waste, fraud, and abuse is massive. Larry Kudlow, great guy, everybody respects him, said my plan for taxes and tax cutting is the best by far of everybody."
"TRUMP: OK."
"TRUMP: Let me explain something. Because of the fact that the pharmaceutical companies <U+FFFD> because of the fact that the pharmaceutical companies are not mandated to bid properly, they have hundreds of billions of dollars in waste. We don't bid properly. We don't have proper bidding procedures. The reason we don't is because they take care of all of the senators, all of the congressman, and they don't bid. They don't go out to bid."
"TRUMP: Take a look <U+FFFD> excuse me. You are talking about hundreds of billions of dollars..."
"TRUMP: ... if we went out to the proper bid. Of course you are."
"TRUMP: I'm saying saving through negotiation throughout the economy, you will save $300 billion a year."
"TRUMP: And that's a huge <U+FFFD> of course it is. We are going to buy things for less money. Of course it is. That works out..."
"TRUMP: I'm not only talking about drugs, I'm talking about other things. We will save $300 billion a year if we properly negotiate. We don't do that. We don't negotiate. We don't negotiate anything."
"KASICH: Can I..."
"CRUZ: So my simple flat tax I have rolled out in precise detail how it will operate where every American can fill out our taxes on a postcard. And if you want to actually see the postcard, see all the details, you can find them on our Web site. It's tedcruz.org. When he we get rid of all the corporate welfare, all the subsidies, all the carve-outs in the IRS code, it dramatically simplifies it. And under Obama, the IRS has become so corrupt and so politicized we need to abolish it all together. Now, at the end of that there will still be an office in the Treasury Department to receive the postcards but it will be dramatically simpler. And let me take a moment, Chris, to go back to go back to this exchange that was going on. In between all of the insults, let me point out the specificity that was lacking. It's very easy to say, ""Let's cut waste, fraud, and abuse."" I've rolled out a detailed plan to cut $500 billion in federal spending, specifying exactly what I would cut. [applause] It's easy to say it, but one of the great disconnects to all the people, all of the voters, I understand the folks who are supporting Donald right now. You're angry. You're angry at Washington, and he uses angry rhetoric. But for 40 years, Donald has been part of the corruption in Washington that you're angry about. [applause] And you're not going to stop the corruption in Washington by supporting someone who has supported liberal Democrats for four decades, from Jimmy Carter to John Kerry to Hillary Clinton. You're not going to stop the corruption and the cronyism by supporting someone who has used government power for private gain. Instead, we need a president who stands with the American people. [applause]"
"TRUMP: Well, all of a sudden, I hear for 40 years I've been involved in Washington. I have been supporting people for many years. And these people have been politicians, and they've been on both sides, Democrats, Republicans, liberals, conservatives. I've supported everybody, because, until recently, I wasn't a politician, and I hope maybe you don't all consider me a politician right now. I hate the term politician. But I've been supporting politicians. A recent article somewhere said Donald Trump is a world-class businessman who goes out and he does get along with everybody. I've supported Democrats, and I've supported Republicans. And as a businessman, I owed that to my company, to my family, to my workers, to everybody to get along. Part of the problem we have in Washington, Chris..."
"TRUMP: ... is it's total gridlock. Nobody gets along. We need people to get along. We need to be able to get things done. [applause]"
"KASICH: Well, well, wait a minute, first of all, I didn't say I was for an increase in the federal minimum wage. I said in Ohio we increased it modestly every single year. So I'm not for a federal minimum wage increase."
"KASICH: Well, states <U+FFFD> if states want to do it, they ought to sit down with businesspeople and the lawmakers and figure out what will work. But hold on a second here with everything else. I'm the only person on this stage who actually was the chief architect of balancing the federal budget. It's not a theory for me. It's not <U+FFFD> it's not some <U+FFFD> you have to know how to put everything together. And you know, I spent 10 years of my life to get there, and I did not do that because I'm worshiping at some balanced budget shrine. The reason I did it is when you have commonsense regulations, lower taxes on individuals and businesses, and you have a fiscal plan that makes sense, the job creators will expand employment. And what happened? When I was there, the jobs were exploding. Bill Clinton's tried to take credit for it. When I went to Ohio, we're up 400,000 jobs. It's the same formula. But it isn't easy. I fought the entire Washington establishment and won, because when you balance a budget, you must affect every single thing. Everything in the federal government specifically. You cannot get there with theories or broad statements, and you have to be willing to take the heat. In fact, I fought a Republican president, who I thought was not offering constructive proposals to fix this economy. So when we talk about all this, there's one person on this stage and one person who's been a candidate for president in either party that restored economic strength, growth, a balanced budget, paid down debt, cut taxes, the things that people in this country want. No theories. Reality. [applause]"
"CRUZ: Yes, their choice is very clear. If you look to the actual record <U+FFFD> you know, Donald mentioned a moment ago that he was just doing business when he was writing checks to liberal Democrats. But that's not, in fact, the checks he was writing. Listen, we could all understand if you write a check to a city commission because you're looking for a zoning waiver on building a building. That may be corrupt, but you could understand real estate developers doing that."
"CRUZ: That's not what Donald Trump did. Donald Trump supported Jimmy Carter over Ronald Reagan. Donald supported John Kerry over George W. Bush. If you don't like Obamacare, Donald Trump funded Harry Reid and Nancy Pelosi taking over Congress to pass Obamacare. On immigration, if you don't like amnesty, if you don't like the Gang of Eight, Donald Trump funded five of the eight members of the Gang of Eight $50,000. And let's talk about this election. The choice Republican primary voters are making is who is best prepared to stand up to Hillary Clinton and beat Hillary Clinton. Donald Trump has written checks to Hillary Clinton not once, not twice, not three times. Ten times. And four of those checks were not to her Senate campaign. It wasn't that she was the New York senator and it was a cost of doing business. It was to her presidential campaign. Donald Trump in 2008 wrote four checks to elect Hillary Clinton as president."
"CRUZ: So I'd like to ask Donald, why did you write checks to Hillary Clinton to be president in 2008? It wasn't for business. And how can you stand on a debate stage now with her and say you don't think she should be president? [applause]"
"TRUMP: Actually, it was for business. It was. It was. It was for business. I pride myself, including outside of the United States. I'm doing almost 120 deals outside of the <U+FFFD> which I hope to be able to stop very soon and let my children handle it <U+FFFD> but we're doing many, many deals outside of the United States. I support politicians. In 2008, I supported Hillary Clinton. I supported many other people, by the way. And that was because of the fact that I'm in business. I did support very heavily Ronald Reagan. I also supported George Bush, by the way."
"CRUZ: But what would you say..."
"CRUZ: ... to Hillary Clinton on the debate stage when you wrote her a check in 2008, wrote her four checks to be president?"
"TRUMP: Let me tell you, something, Ted. The last person that Hillary Clinton wants to face is Donald Trump. That I can...[applause]"
"TRUMP: That I can tell you. [crosstalk]"
"TRUMP: Hello."
"TRUMP: Nice to be with you, Megyn."
"TRUMP: You're looking well. You're looking well."
"TRUMP: I don't know exactly what <U+FFFD> when you talk about off the record. First of all, Buzzfeed? They were the ones that said under no circumstances will I run for president. And were they wrong. But a lot of people said that. Then, I did have a meeting with the editorial board of the New York Times, a very nice meeting. Many of those things were off the record, I think at their suggestion and my suggestion. And I think being off the record is a very important thing. I think it's a very, very powerful thing. And I will say this. These three gentlemen have gone off the record many times with reporters. And I think they want to honor it, and I would always honor that. I will say, though, in terms of immigration <U+FFFD> and almost anything else <U+FFFD> there always has to be some, you know, tug and pull and deal. And, you know, when I watch Ted stand on the Senate floor, I had great respect for what he did. He stood there for a day-and-a- half or something. In the meantime, what came of it? Nothing. You have to be able to have some flexibility, some negotiation. Now, sometimes you ask for more than you want and you negotiate down to the point. I may have discussed something like that with the New York Times, but I would never release off-the-record conversations. I don't think it's fair, frankly, to do that to anybody."
"TRUMP: Not very flexible. No, not very flexible. I give the example <U+FFFD> I'm going to build a wall. I'm the one that wants the wall. I'm the one that can build the wall. [applause] It's going to get built. And by the way, Mexico is going to pay for the wall. I can tell you that. Mexico is going to pay for the wall. [applause] But <U+FFFD> and I used an example. And this isn't necessarily what was said, but whatever was said, the wall's 50 feet high. Is it going to be 45 feet or 40 feet? That could very well be. That could very well <U+FFFD> he wants it to be higher. [laughter] That could very well be. But there's always give and take. There's always negotiation. And the best negotiator that knows what he's doing will make a great deal. But we need give and take in government. If you don't have give and take, you're never going to agree on anything. [applause]"
"RUBIO: Well, first of all, let me say that on the issue of the off-the-record, that's not up to the New York Times. That's up to you, Donald. If tonight you tell the New York Times to release the audio, they will do it, and we can exactly see what your true views are on immigration..."
"TRUMP: Fine."
"RUBIO: ... because it is a major issue, in your campaign that you've made a center issue. Now, as far as my record on it is concerned, I absolutely want to solve this issue. And I did the best we could in a Senate that was controlled by liberal Democrats and Harry Reid in the hopes that the House, made up of conservatives, would take it up and make it even stronger. And I said that repeatedly at the time. I'm not just saying that now; I said it throughout that process. We do need to do with this issue. [audience booing] When I'm president it will not be dealt with the way it was done in the Senate. It will be done first and foremost by bringing illegal immigration under control and proving it to the American people. And only after that is done can anything else happen. And it will be something the American people support. We'll see what they are willing to support. It's not going to be an executive order and we're not going to ram it down their throats."
"TRUMP: I will say one thing, what Marco said is <U+FFFD> I understand it. He is talking about a little give and take and a little negotiation. And you know what? That's OK. That's not the worst thing in the world. There is nothing wrong with that. I happen to be much stronger on illegal immigration. Sheriff Joe Arpaio endorsed me. And if he endorses you, believe me, you are the strongest, from Arizona. But give and take is OK. And I thought what he said is OK. We may differ on the degree. But what he said to me is OK."
"TRUMP: No. I never do that. I would not do that. I don't think <U+FFFD> I have too much respect <U+FFFD> if I deal with you off the record, if I deal with Bret or Chris off the record, I have too much respect for that process to say, just release everything. I would not do that."
"TRUMP: I'm changing. I'm changing. We need highly skilled people in this country, and if we can't do it, we'll get them in. But, and we do need in Silicon Valley, we absolutely have to have. So, we do need highly skilled, and one of the biggest problems we have is people go to the best colleges. They'll go to Harvard, they'll go to Stanford, they'll go to Wharton, as soon as they're finished they'll get shoved out. They want to stay in this country. They want to stay here desperately, they're not able to stay here. For that purpose, we absolutely have to be able to keep the brain power in this country. [applause]"
"TRUMP: ... I'm changing it, and I'm softening the position because we have to have talented people in this country."
"TRUMP: ... That is correct."
"TRUMP: ... No, I'm not playing."
"TRUMP: I'm not playing to anybody's fantasies, I'm playing to the fact that our country is in trouble, that we have a tremendous problem with crime. The border is a disaster, it's like a piece of Swiss cheese. We're going to stop it, we're going to stop people from coming into our country illegally. We're going to stop it. [applause] [cheering]"
"CRUZ: Well, the abuse of the H1-B program has been rampant. On the face of that H1-B abuse, I have proposed, and promised as president that I will impose a 180 day moratorium on the H1B program to implement a comprehensive investigation and audit because you got U.S. companies that are firing American workers, bringing in foreign workers, and forcing them to train their replacements. And, I would note that is not dissimilar to what we discovered at the last debate concerning the hotel that Donald owns down in Florida. Down in Florida that hotel has brought in hundreds of foreign workers, and afterwards it was really striking. I watched the CNN interview Donald did where he explained, he said, well the problem is you can't find Americans who are qualified, or who want to work as waiters and waitresses. Now, let me ask the people here, how many people have worked as a waiter or waitress? [applause] Millions across this country. That is an astonishing statement. You know, Marco's Dad started as a bartender. My Dad started washing dishes, and yet, you know how many Americans wanted those jobs? [bell ringing] Roughly 300 applied, Donald hired 17. And, that's why this New York Times tape is so troubling because what's been reported is that Donald told the Editorial Board of the New York Times what I'm saying on immigration, I don't believe. I'm not going to build a wall, I'm not going to deport people, this is all just rhetoric for the voters. Now, if he didn't say that, he has an easy solution. Simply release the tape. But, for everyone at home who's mad at politicians that lied to us, Donald's record right now as he standing here..."
"CRUZ: ... His record right now is one of repeatedly hiring illegal aliens..."
"CRUZ: ... abusing American workers..."
"TRUMP: First of all I've had tens of thousands of people working for me, most of which are <U+FFFD> 98, 97, 98 percent of the people in this country, from this country. I'm very proud of it. You have a club in Palm Beach, Florida called the Mar-a-Lago Club, it's a very, very successful club. It has a very short season, it's called, the Season, and it goes from November until March. It's a few months, five months at the most. People don't want a short-term job. They don't want <U+FFFD> so, we will bring people in, and we will send the people out. All done legally, all done with the process that's...[bell ringing]...approved by government in Palm Beach, or West Palm Beach. We bring people in, we bring them out. We want to hire as many Americans as we can, but they don't want part-time, very short part-time jobs."
"RUBIO: That's not accurate. I'm sorry, Megyn, that's not accurate. That's my <U+FFFD> there were at least 300 Americans that applied last year, none of them were hired. Some of them..."
"TRUMP: ... Wrong..."
"RUBIO: ... have been interviewed..."
"TRUMP: ... That's wrong."
"RUBIO: ... They were not hired..."
"TRUMP: ... Wrong..."
"RUBIO: ... And, here's why he does it this way, let me explain why he [inaudible] H2-B..."
"TRUMP: ... Wrong..."
"RUBIO: ... Because when you bring them in this way, when you bring someone in on one of these visas they can't go work for anybody else. They either work for you or they have to go back home. You basically have them captive, so you don't have to worry about competing for higher wages with another hotel down the street. And, that's why you bring workers from abroad. You argue that you're here to fight on behalf of the American worker, but when you have chances to help the American worker...[bell ringing]...but when you have chances to help the American workers, you're making your clothes overseas and you're hiring your workers from overseas. [applause]"
"TRUMP: The <U+FFFD> the <U+FFFD> the other hotels during the season, they do the same thing. They take in a lot of people, because you can't get them. They take in a lot of people. Long-term employees, we don't do that, but short-term employees, we have no choice but to do it, and other hotels in that very, very hot area. It is a very hot area."
"RUBIO: There were Americans in that hot area."
"TRUMP: It's very, very hard to get people. But other hotels do the exact same thing. And just so you understand, just again, this is a legal process. This is a procedure. It's part of the law. I take advantage of that. There's nothing wrong with it. We have no choice."
"CRUZ: Donald, you could resolve this issue very quickly by simply...[audience booing]...releasing the New York Times tape. Because, listen, maybe it's right."
"TRUMP: This wasn't on the subject."
"CRUZ: ... that you didn't tell them you're misleading the American people. If that's the case..."
"TRUMP: Tapes were not on the subject, but that's..."
"CRUZ: If you didn't tell them that, the tapes will prove you're innocent."
"CRUZ: But if, in fact, you went to Manhattan and said I'm lying to the American people, then the voters have a right to know."
"TRUMP: No, no. You're the liar. You're the lying guy up here. [crosstalk]"
"CRUZ: Because we've been lied to too many times."
"TRUMP: You're the <U+FFFD> you're the one. You're the one."
"CRUZ: Why don't you release the tapes? Release the tapes."
"TRUMP: You're the one. Now, let me just tell you. Let me just tell you. [crosstalk] Excuse me. Excuse me. I've given my answer, Lyin' Ted. I've given my answer."
"RUBIO: That's correct, and Libya."
"RUBIO: Correct."
"RUBIO: Well, Bret, what I've argued from the very beginning is ISIS <U+FFFD> in order to defeat ISIS, you must deny them operating spaces. This is how ISIS or any radical group, for that matter, can grow. It's how Al Qaida was able to carry out 9/11, is that the Taliban gave them an operating space in Afghanistan. Today that operating space has largely been based in Iraq and Syria, but I've been warning about the Libyan presence for the better part of two years. So they need to be targeted wherever they have an operating space. They do need to be defeated on the ground by a ground force made up primarily of Sunni Arabs themselves. This is a radical Sunni movement. They can only be defeated if they are driven out and the territory is held by Sunni Arabs. But it will require a specific number of American special operators, in combination with an increase in air strikes. And that will include, if necessary, operating spaces in Libya, which, in fact, they are using to project into the Sinai against Egypt and ultimately into Europe, as well."
"KASICH: Well, first of all, just to be clear, not only did I serve for 18 years on the Defense Committee, more than anybody on this stage, but, secondly, I was called into the Pentagon after 9/11 to help Secretary Rumsfeld with some of his difficulties. I will say, look, let me tell you what happened with Libya. And I pointed out in the last debate <U+FFFD> Hillary Clinton worked aggressively to depose Moammar Gadhafi. We had no business doing it. He was working with us. He was cooperating with us. He denuclearized. And now they pushed him out, and now we have a fertile ground for ISIS. Fortunately in Libya, there's only a few cities on the coast, because most of Libya is a desert. The fact of the matter is, we absolutely have to be <U+FFFD> and not just with special forces. I mean, that's not going to work. Come on. You've got to go back to the invasion when we pushed Saddam Hussein out of Kuwait. We have to be there on the ground in significant numbers. We do have to include our Muslim Arab friends to work with us on that. And we have to be in the air. And we <U+FFFD> it should be a broad coalition, made up of the kinds of people that were involved when we defeated Saddam. Now, you've got to be on the ground and in the air both in Syria and Iraq. And at some point, we will have to deal with Libya. I am very concerned about ISIS getting their hands on the oilfields in Libya and being able to fund their operations. The fact is cool, calm, deliberate, effective, take care of the job, and then come home. That's what we need to do with our military foreign policy. [applause]"
"TRUMP: They won't refuse. They're not going to refuse me. Believe me."
"TRUMP: Let me just tell you, you look at the Middle East. They're chopping off heads. They're chopping off the heads of Christians and anybody else that happens to be in the way. They're drowning people in steel cages. And he <U+FFFD> now we're talking about waterboarding. This really started with Ted, a question was asked of Ted last <U+FFFD> two debates ago about waterboarding. And Ted was, you know, having a hard time with that question, to be totally honest with you. They then came to me, what do you think of waterboarding? I said it's fine. And if we want to go stronger, I'd go stronger, too, because, frankly...[applause]...that's the way I feel. Can you imagine <U+FFFD> can you imagine these people, these animals over in the Middle East, that chop off heads, sitting around talking and seeing that we're having a hard problem with waterboarding? We should go for waterboarding and we should go tougher than waterboarding. That's my opinion."
"TRUMP: And <U+FFFD> and <U+FFFD> and <U+FFFD> I'm a leader. I'm a leader. I've always been a leader. I've never had any problem leading people. If I say do it, they're going to do it. That's what leadership is all about."
"TRUMP: Well, look, you know, when a family flies into the World Trade Center, a man flies into the World Trade Center, and his family gets sent back to where they were going <U+FFFD> and I think most of you know where they went <U+FFFD> and, by the way, it wasn't Iraq <U+FFFD> but they went back to a certain territory, they knew what was happening. The wife knew exactly what was happening. They left two days early, with respect to the World Trade Center, and they went back to where they went, and they watched their husband on television flying into the World Trade Center, flying into the Pentagon, and probably trying to fly into the White House, except we had some very, very brave souls on that third plane. All right? [applause]"
"TRUMP: I have no problem with it."
"CRUZ: Bret, you know, I think the American people understand that yelling and cursing at people doesn't make you a tough guy. We need a commander-in-chief that, number one, will rebuild the military, just like Ronald Reagan did in 1981 coming out of the weak Jimmy Carter administration. He passed tax reform and regulatory reform. The economy took off. It generated millions in high-paying jobs, trillions in new revenue. He rebuilt the military, bankrupted the Soviet Union, and won the Cold War. As president, I will do the exact same thing with radical Islamic terrorism. We will rebuild this military so that it remains the mightiest fighting force on the face of the planet. And then, when I am commander-in-chief, every militant on the face of the Earth will understand that if they go and join ISIS, if they wage jihad against the United States of America, they are signing their death warrant. [applause]"
"CRUZ: Well, Bret, as someone who spent much of his life in law enforcement, I believe you should start with the facts and evidence first before ending up with the verdict. When the news first broke of the United States government engaging in massive surveillance on American citizens, that was a very troubling development, and it's why the United States Congress acted to correct it. Now, at the same time, I said in that initial statement that if the evidence indicated that Edward Snowden violated the law, he should be prosecuted for violating the law. And, indeed, since then, the evidence is clear that not only does Snowden violate the law, but it appears he committed treason. Treason is defined under the Constitution as giving aid and comfort to the enemies of America, and what Snowden did made it easier for terrorists to avoid detection. And Snowden's comments afterwards, and his behavior afterwards, he fled to Russia, he fled to China. His conducts afterwards indicates that he was not a whistleblower, but instead he was undermining the ability to defend this country. But we need a president who isn't rash, who doesn't just pop off at the <U+FFFD> at the hip, but waits to see what the facts are and then acts to defend this country. [applause]"
"TRUMP: I think Richard Haass is excellent. I have a lot of respect for him. I think General Keane is excellent. I think that there are <U+FFFD> I like Colonel Jacobs very much. I see him. I know him. I have many people that I think are really excellent but in the end it's going to be my decision. When you just asked the question about Snowden, I will tell you right from the beginning, I said he was a spy and we should get him back. And if Russia respected our country, they would have sent him back immediately, but he was a spy. It didn't take me a long time to figure that one out. Believe me. But I would get the best people, people that I'd be comfortable with. And we will do the right thing."
"KASICH: Bret, it's very interesting to note, I think it's for the good of the record here that they took a survey of foreign policy magazines, 700 foreign policy experts, who would be the best person to conduct foreign policy of all the candidates in the race? I received 55 percent of the vote. Jeb Bush received 30 percent of the vote. And everybody else, none of them made double digits. And that's because you have to have the experience. And you know, we hear about Ronald Reagan rebuilding the military. I was there when Ronald Reagan rebuilt the military. I worked with him. I was there when Ronald Reagan rebuilt the economy. I was there, and I worked with him. I knew Ronald Reagan. And I'll leave it right there with what comes after that. You can figure that one out."
"TRUMP: We've made a terrible mistake getting involved there in the first place. That thing will collapse about two seconds after they leave. Just as I said that Iraq was going to collapse after we leave."
"TRUMP: We made a mistake going into Iraq. I've never said we made a mistake..."
"TRUMP: Well, OK, I never said that."
"TRUMP: OK. Wouldn't matter. I never said it. [end video clip]"
"TRUMP: Should I respond to that first?"
"TRUMP: You'll be here a long time."
"TRUMP: I hate the concept of it, but on a humanitarian basis, with what's happening, you have to. It's living in Hell in Syria; there's no question about it. They're living in Hell."
"TRUMP: Look, from a humanitarian standpoint, I'd love to help, but we have our own problems. We have so many problems that we have to solve. [end video clip]"
"TRUMP: They lied. They said there were weapons of mass destruction; there were none. And they knew there were none. I don't know if he lied or not. He could have lied. Maybe he did. Maybe he didn't. I guess you'd have to ask him. [end video clip]"
"TRUMP: Well, on Afghanistan, I did mean Iraq. I think you have to stay in Afghanistan for a while, because of the fact that you're right next to Pakistan, which has nuclear weapons, and we have to protect that. Nuclear weapons change the game. And I was always against going into Iraq. In fact, I <U+FFFD> believe me, I was always against it. There was some cases where I sort of <U+FFFD> in one interview with a great friend of mine, and yours, Howard Stern <U+FFFD> said that <U+FFFD> said that...[laughter] I said very meekly, long before we went in, I said very meekly, well, maybe, maybe, I don't know. By the time it got to that point, I was always against Iraq. But Afghanistan, I felt <U+FFFD> and in that one, if you notice, I corrected it the second day. OK? Second question?"
"TRUMP: No, no. But..."
"TRUMP: Now on <U+FFFD> let me explain that. You're right. Let me explain. First time the question had been put to me, it was very early on. The migration had just started. And I had heard that the number was a very, very small number. By the second day, two or three days later, I heard the number was going to be thousands and thousands of people. You know, when they originally heard about it, they were talking about bringing very, very small numbers in. And I said, begrudgingly, well, I guess maybe that's OK. It was not like, ""Let's bring them in,"" because I think we should build a safe zone in <U+FFFD> we should really <U+FFFD> what we should be doing is building safe zones so they can stay in their own country and not go all over, and at least this way we're not going to have the problem. That's what we have to do. [applause] But just <U+FFFD> just to set <U+FFFD> because I fully understand what you're asking. When I first heard the question, first time the question was ever asked to me, first time I really had known about the question, the migration had just started. I was very much like, OK, by the time I went back and studied it, and they were talking about bringing thousands and thousands, I changed my tune. And I don't think there's anything wrong with that."
"TRUMP: Megyn, I have a very strong core. [applause] I have a very strong core. But I've never seen a successful person who wasn't flexible, who didn't have a certain degree of flexibility. You have to have a certain degree of flexibility. [applause] You can't <U+FFFD> for instance, let's say, on <U+FFFD> on the second question, you can't say it's OK, and then you find out it's not OK, and you don't want to do anything. You have to be flexible, because you learn. I mean, before I knew the question was asked by Bill, and the next day, or the couple of days later, the question was asked by, by <U+FFFD> you know <U+FFFD> I was asked by a number of people, actually. I was asked by Sean, but I was asked by a number of people. But by that time, the number had increased significantly."
"TRUMP: The next day. But I had learned. I mean, nobody had ever asked me the question. This was brand new. But <U+FFFD> and I really mean it. You have to show a degree of flexibility. If you're going to be one way and you think it's wrong, does that mean the rest of your life you have to go in the wrong direction because you don't want to change? [applause]"
"KASICH: Megyn."
"TRUMP: [inaudible]"
"KASICH: I did 200 meetings in New Hampshire, I don't know how many in Michigan now. In these townhalls people come in and they're very emotional meetings. And, you know what they really want to know? If somebody tells them something, can they believe it? And, the reason why people are so upset in this country is because politicians all the time tell them what they want to hear. And, they go to Washington, or they go to the state capital, wherever, and they don't deliver on those promises. You know, when I ran for Governor of Ohio, I said not only would we balance the budget, but we would cut taxes. People said that can't be done. I wouldn't have said it if I didn't believe it. We cut taxes in Ohio more than any governor in the country, and $5 billion dollars worth of tax cuts <U+FFFD> we're not running a surplus in Ohio. But, you see, what's getting in the hearts and souls of the people is they want change, and they keep putting outsiders in to bring about the change, then the change doesn't come. Then they put more outsiders in because we're putting people in that don't understand compromise. They don't understand policy...[bell ringing] [applause]...They're getting more and more frustrated with the system which is why we must pick somebody that has a record of achievement, not just talk."
"KASICH: Not just talk, but a record of achievement. That's how we'll restore credibility.."
"RUBIO: ... This isn't just about flexibility."
"RUBIO: There's a difference between flexibility and telling people whatever you think you need to say to get them to do what you want them to do. [cheering] And, that's what Donald has done throughout his career."
"TRUMP: [inaudible]"
"RUBIO: Well, he did, and that's why Trump University..."
"TRUMP: ... That's not right..."
"RUBIO: ... Is so relevant here. I saw this video last week where he's sitting in front of a camera saying we're going to hire the best people, and I'm going to hand pick them. There are going to be hand picked and instructors, the best instructors in the world. One of them, but the way, was the manager at a Buffalo Wild Wing. And, that's who they hired to do this, and people borrowed money, and they signed up for this fake university. And, these people owe all this money now, and they got nothing in return for it, but you are willing to say whatever you had to say...[bell ringing]...to get them to give you their money..."
"TRUMP: ... We'll find out when we have the [inaudible]..."
"RUBIO: ... And, we're not going to do that to our country..."
"TRUMP: ... And, by the way, just so you understand...[applause]...this is a case I could have settled very easily, but I don't settle cases very easily when I'm right. Ninety-eight percent approval rating, we have an ""A"" from the Better Business Bureau..."
"RUBIO: ... That's false..."
"TRUMP: ... We have a 98 percent approval rating from the people who took the course. We have an ""A"" from the Better Business Bureau. And, people like it. Now, he's saying they didn't learn. We have many, many people that will be witnesses. Again, I don't settle cases. I don't do it because that's why I don't get sued very often, because I don't settle, unlike a lot of other people. We have a situation where we will win in court...[bell ringing]...But, many of the people that are witnesses did tremendously well, and made a lot of money..."
"RUBIO: ... That's false..."
"TRUMP: ... By taking the course."
"TRUMP: You're going to see, you don't know..."
"RUBIO: ... The Better Business Bureau gave it a ""D"" minus."
"TRUMP: You're going to see, you're going to see."
"TRUMP: ... No, no. Before they had the information..."
"RUBIO: ... Go on my website, Marco Rubio.com..."
"TRUMP: ... Before they had the information..."
"TRUMP: ... Before they had the information it got <U+FFFD> it is right now an ""A"", once they had the information..."
"RUBIO: ...[inaudible] this anymore."
"TRUMP: ... The only reason that is was a ""D"" was because we didn't care <U+FFFD> we didn't give them the information..."
"RUBIO: ... A third of the people [inaudible]..."
"TRUMP: ... When they got the information it became an ""A""..."
"TRUMP: ... Marco you don't know [inaudible]..."
"TRUMP: ... Yes."
"TRUMP: ...[inaudible]"
"TRUMP: ... But it was elevated to an ""A""..."
"TRUMP: ... I can give it to you. I can give it to you tomorrow.."
"TRUMP: ... It was elevated to an ""A""."
"TRUMP: ... Small business..."
"TRUMP: ... Right..."
"TRUMP: ... The lead plaintiff is now getting out of the case because it's so bad for her..."
"TRUMP: ... Excuse me, the lead plaintiff signed a letter saying how great it was, and it on tape saying how great it was."
"TRUMP: ... She's trying to get out of the case. She's trying to get out of the case..."
"TRUMP: Oh, give me a break..."
"TRUMP: Give me a break."
"TRUMP: Give me a break."
"TRUMP: You know what, let's see what happens in court. This is a civil case. Very easy to have settled. Could settle it now. Very easy to have settled. Let's see what happens at the end of a couple years when this case is over, OK?"
"TRUMP: Yes, it has been going for a long time."
"RUBIO: I spoke to one of the victims yesterday."
"TRUMP: We'll win the case."
"RUBIO: I spoke to one of the victims yesterday."
"TRUMP: One, one of the victims."
"RUBIO: No, there are several. Obviously there are so many, I can't talk to them every day. I spoke to one of them, he told me exactly what happened. They signed up for this course because they believed Mr. Trump was this fantastic businessman, that Donald is going to teach them the tricks of the trade. They signed up. They paid $15,000 for this course. They were asked for additional money for this course. If they really wanted the real secrets of success, they had to pay even more money, and so they did. And you know what they got in these courses? Stuff you can pull off of Zillow. When they finally realized what a scam it was, they asked for their money back. And you refused to give them their money back. Why don't you tonight..."
"TRUMP: I gave many people their money back."
"RUBIO: Then why don't you tonight say you're going to give the money back to everybody who wants..."
"TRUMP: Let me just...[crosstalk]"
"TRUMP: We will see who's right at the end of a few years. But all of the <U+FFFD> almost all of the people, many, many people signed what's called the report card at the end, did you like the course, how did you like it. Almost all of them said it was terrific, OK? With letters, with this. Some of them are on tape saying it was terrific. Let's see what happens at the end of three years."
"TRUMP: I gave some refunds to people because if they asked for the refunds in a certain period of time, and we gave refunds to people."
"TRUMP: But let's see what happens at the end of three years. Let's see who's right."
"TRUMP: It's called pending litigation."
"RUBIO: Megyn, this is why this is relevant to this election."
"RUBIO: This is why, because he's trying to do to the American voter what he did to the people that signed up for this course. He's making promises he has no intention of keeping. And it won't just be $36,000 that they lose, it's our country that's at stake here. The future of the United States and the most important election in a generation, and he's trying to con people into giving them their vote just like he conned these people into giving him their money."
"TRUMP: Let me tell you the real con artist. Excuse me. Excuse me. The real con artist is Senator Marco Rubio who was elected in Florida and who has the worst voting record in the United States Senate. He doesn't go to vote. He's absent. He doesn't go. Now, the people of Florida can't stand him. He couldn't get elected dogcatcher. The people of Florida <U+FFFD> the people of Florida <U+FFFD> and by the way, I know he's going to spend $25 million on ads. Without that he wouldn't have a chance. He's 20 points south. The people in Florida wouldn't elect him dogcatcher. He couldn't get any <U+FFFD> he's right now 21 points down to me. And, you know..."
"TRUMP: ... again, there will be a lot of advertising. It's the only thing that might save him. But I doubt it."
"RUBIO: Notice that's not an answer."
"TRUMP: He scammed the people of Florida. He scammed people. He doesn't vote. He doesn't show up for the U.S. Senate. He doesn't vote. He scammed the people. He defrauded the people of Florida."
"RUBIO: There's no <U+FFFD> as you can see in his answer, it's always the same thing."
"TRUMP: You defrauded the people of Florida, little Marco."
"RUBIO: He has defrauding people out of things, and not just <U+FFFD> and not just, by the way, on the issue of Trump University. He had another development in Mexico that he had nothing to do with except his name on the building. People put money into that building."
"TRUMP: That was licensing."
"RUBIO: They lost their money. Yes, licensing, but you told them you owned the building. So they gave him his money. They lost their money. Time and again..."
"CRUZ: Megyn, let me ask the voters at home, is this the debate you want playing out in the general election? The stakes in this election are too high. For seven years, millions of Americans, we've been struggling, wages have been stagnating, people are hurting, our constitutional rights are under assault. And if we nominate Donald, we're going to spend the spring, the fall, and the summer with the Republican nominee facing a fraud trial..."
"TRUMP: Oh, stop it."
"CRUZ: ... with Hillary Clinton saying..."
"TRUMP: It's just a minor case. It's a minor case."
"CRUZ: ... why did you give my campaign and my foundation $100,000?"
"TRUMP: It's a minor civil case."
"CRUZ: And with Hillary Clinton..."
"TRUMP: Give me a break."
"CRUZ: ... pointing out that he supported her four times in her presidential race."
"TRUMP: It's a minor civil case."
"CRUZ: Donald, learn not to interrupt. It's not complicated."
"TRUMP: There are many, many civil cases."
"CRUZ: Count to 10, Donald. Count to 10."
"TRUMP: Give me a break."
"CRUZ: Count to 10. The stakes are too high and if you are one of the 65 to 70 percent of Republicans who recognize that nominating Donald would be a disaster, then I ask you to come join us. If you're supporting other candidates, come join us. We welcome you to our team because we've demonstrated not once, not twice, not three times, but five separate times we have beat Donald. And if you don't want him to be the nominee, then I ask you to stand with us as a broad coalition of people who believe in the Constitution, believe in freedom, and want to turn this country around."
"TRUMP: I don't believe these politicians. All talk, no action. I'm standing here listening to <U+FFFD> I'm hearing him say about a percentage. CNN, he gets 15. That means 85 percent, based on what you're saying, of the people don't dig you, number one, number one. Is that a correct statement? How do you get <U+FFFD> are you at 15 in the new CNN poll? Do you believe in CNN? I mean, I know we're with FOX. But CNN spent <U+FFFD> CNN..."
"CRUZ: All right, I'll respond... [crosstalk]"
"TRUMP: CNN spent a lot of money on a poll, just came out. I'm at 49. He's at 15. He tells me about 65 percent of the people. It's not 65 percent of the people. If you go by that, 85 percent of the people. Then he goes, we have five. And <U+FFFD> well, excuse me, I won 10. I won 10 states. If you listen to him, it's like <U+FFFD> I won 10 states. Everybody knows that on Super Tuesday Trump was the winner. There wasn't one person that didn't say that. Even the two people on your left and right said we did a great job. So how does he take <U+FFFD> how does he take five and say it's better than 10?"
"TRUMP: I am by far the leader. But if you listen to a politician, he'll try and convince you otherwise."
"CRUZ: All right, well, Donald lives by the polls every day. He tweets about the polls."
"TRUMP: No, I don't. No, I don't."
"CRUZ: He's told us to look to the CNN poll. Well, that's a very good poll to look to, because that CNN poll showed that head to head Donald Trump loses to Hillary Clinton by 8 points. He doesn't just lose close; he loses by 8 points. That same poll he told you to look at shows me beating Hillary Clinton. [applause] We cannot mess this up. And, by the way, the last four polls in a row, when you nominate a candidate who literally has been on every side of every issue, and in the course of this debate may be on two other sides before we're done, that's not how you win. And the stakes are too high. [crosstalk]"
"TRUMP: According to your poll...[crosstalk]"
"TRUMP: ... I know, but your recent polls have me beating Hillary Clinton, and very, very easily."
"KASICH: All right, look, honestly, when I see people at these meetings, these town halls, where we take massive questions, and I get to spend time with them. Last night, there was a woman that came to tell me about the loss of her 15-year-old son, who took his own life. See, there's people in this country <U+FFFD> and Ted's right <U+FFFD> their wages haven't gone up for so long, they see the rich get richer, they believe, and they're not moving. And they put their money in the bank, and they got no interest on their money. They receive none. And their sons or daughters are living in the basement because they can't get a good job after they rang up so much college debt. What people are hungry for is, who can fix this? People want to know who <U+FFFD> what can you do to solve the problems in Washington, to make sure that we have stronger job growth and better wages? But you know what else they're yearning for? They want to believe that they have the power to fix things where they live, and they want the power back, so they can begin to do things in their community. Now, listen, this has been going on for a long time here. And I appreciate the discussion back and forth. But there are a lot of people out there yearning for somebody who's going to bring America back, both at the leadership level and in the neighborhood, where we can begin to reignite the spirit of the United States of America. And let's stop fighting. [applause]"
"RUBIO: Well, I know I've talked about it, and others in our campaign have talked about it, and other candidates have talked about it, as well. What happened in Flint was a terrible thing. It was systemic breakdown at every level of government, at both the federal and partially the <U+FFFD> both the state and partially at the federal level, as well. And by the way, the politicizing of it I think is unfair, because I don't think that someone woke up one morning and said, ""Let's figure out how to poison the water system to hurt someone."" [applause] But accountability is important. I will say, I give the governor credit. He took responsibility for what happened. And he's talked about people being held accountable...[applause]...and the need for change, with Governor Snyder. But here's the point. This should not be a partisan issue. The way the Democrats have tried to turn this into a partisan issue, that somehow Republicans woke up in the morning and decided, ""Oh, it's a good idea to poison some kids with lead."" It's absurd. It's outrageous. It isn't true. [applause] All of us are outraged by what happened. And we should work together to solve it. And there is a proper role for the government to play at the federal level, in helping local communities to respond to a catastrophe of this kind, not just to deal with the people that have been impacted by it, but to ensure that something like this never happens again."
"KASICH: Well, look, first of all, I think the mayor now is controlling the schools. This is not much different than what happened in Cleveland, Ohio, where the African-American Democrat mayor, the union, and business leaders came to see me and said, ""Would you help us to pass legislation to really create a CEO environment so that we can take control of the schools?"" We even invested in a buyout plan, where we bought out the teachers who had been there a long time, because there were so many young teachers who had been laid off who were so enthusiastic to get back in the schools. It worked beautifully. Cleveland's coming back. The Cleveland schools are coming back because of a major overhaul. It's the same thing that has to happen in all of our urban schools. And, frankly, look, if I were president, I'd take 104 federal programs, bundle them into four buckets, and send it to the states, because fixing schools rests at the state and the local level, and particularly at the school board level. [applause] Now, I also believe <U+FFFD> I also believe that you need to introduce vocational education in those schools. You need mentoring in those schools. And you need to have a situation where people can have an alternative forum to get a degree. And you need school choice, both vouchers and charter schools. All of those things can come together to help, Megyn. But here's the bottom line. And I'll go quickly. We as adults have to fight in our neighborhoods, in our communities, for our children's education. Put the politics aside, and everyone in this room can play a role in lifting their schools and lifting the students who are in those schools, because too much politics gets in the middle of it, and where we focus as adults, and put children first, we see tremendous results. And the people of this town are going to rise. And they need to be involved. Thank you. [applause]"
"CRUZ: Well, Chris, thank you for that question. Let me start by observing that Detroit is a great city with a magnificent legacy that has been utterly decimated by 60 years of failed left-wing policy. [applause] You know, Henry Ford revolutionized automobile manufacturing and brought automobiles to the middle class. During World War II, Detroit provided <U+FFFD> funded the arsenals of democracy to help us win World War II. In <U+FFFD> in the 1960s, Detroit was the Silicon Valley of America. It had a population of 2 million people, had the highest per capita income in the country. And then, for 50 years, left-wing Democrats have pursued destructive tax policies, weak crime policies, and have driven the citizens out. [applause] This city now has just 700,000 citizens. There are vacant homes, one after the other after the other. Crime has been rampant, and it is an outrage. And let me say to folks in the media"
"CRUZ: The way you bring manufacturing back to America is, number one, you lift the regulations. As president, I will repeal Obamacare, the biggest job-killer in America. I will pull back the federal regulators, the EPA and all the regulators that are killing small businesses and manufacturing. And my tax plan, which is a very, very detailed plan on the website, tedcruz.org, is what's called border adjustable. We get rid of all the taxes. We get rid of the corporate income tax and the death tax and the Obamacare taxes and the payroll tax. And we replace it with a 16 percent business flat tax that is border adjustable, which means all exports are entirely tax-free and all imports pay the 16 percent business flat tax. That's a 32 percent differential. What that will do, Chris, is bring millions of manufacturing jobs back to this country, bring the steel industry back to this country, create an environment where when we compete on a fair and level playing field, American ingenuity can beat anyone. But right now, the federal government isn't giving us a level playing field."
"KASICH: If you're in the business of selling things, if you're not going to sell to somebody you don't agree with, today I'm not going to sell to somebody who's gay, then tomorrow maybe I won't sell to somebody who's divorced. [end video clip]"
"KASICH: Well, look, first of all, I try to be a man of faith every day as best as I can, and I try to focus in my faith on the dos and I think the don'ts will take care of themselves once I get the dos right, which is humility, and loving my enemy, and caring for my neighbor. But secondly, look, you're in the commerce business, you want to sell somebody a cupcake, great. OK? But now if they ask you to participate in something you really don't like, that's a whole 'nother issue, OK? Another issue. Here's what I'd like to see happen. The Supreme Court ruled, I don't agree with the ruling. I'm of favor of marriage between <U+FFFD> you know, traditional marriage, a man and a woman. What I hope was going to happen after the Supreme Court ruling is things would settle down. If you go to a photographer to take pictures at your wedding, and he says, I'd rather not do it, find another photographer, don't sue them in court. You know what, the problem is in our country <U+FFFD> in our country, we need to learn to respect each other and be a little bit more tolerant for one another. And at the end of the day, don't go to court. Can't we have common sense in America? That's the way it used to be. And there was a book written called ""The Death of Common Sense."" We need to bring it back. But at the end of the day, if somebody is being pressured to participate in something that is against their deeply-held religious beliefs, then we're going to have to think about dealing with the law. But you know what, I'd rather people figure this out without having to put another law on the books and have more arguments in this country. Why don't we come together as a country, respect one another, love one another and lift this country? I think that's what people want. So thanks for asking."
"CRUZ: Well, listen, adoption is decided at the state level and I am a believer in the 10th Amendment in the Constitution, I would leave the question of marriage to the states, I would leave the question of adoption to the states. That's the way it has been for two centuries of our nation's history until five unelected judges in an illegitimate and wrong decision decided to seize the authority over marriage and wrongfully tear down the marriage laws of all 50 states. Now, interconnected to this is the question of religious liberty. And at the last debate, one of my colleagues on this stage said on the question of religious liberty and Supreme Court nominees that he'd be willing to compromise and negotiate. I can tell you, for me, there are areas that we should compromise on. Marginal tax rates, we can reach a middle ground on. But when it comes to core principles and convictions, when it comes to the Constitution and Bill of Rights, I can tell the men and women at home I will never compromise away your religious liberty. And for me, Bret, religious liberty has been a lifelong passion. I've spent two decades defending religious liberty, including defending the Ten Commandments before the U.S. Supreme Court and winning. Defending the Pledge of Allegiance before the Supreme Court and winning. And defending the Mojave Desert Veterans Memorial, a lone white Latin cross that was erected to honor the men and women who gave their lives in World War I. I represented 3 million veterans for free defending that memorial and we won 5-4 before the Supreme Court."
"TRUMP: I have nothing to say. I mean, generally speaking, agree with what he said. I would have certainly have rather left it to the states. I was always in favor <U+FFFD> I was very surprised when they came up with that decision. I would have certainly <U+FFFD> I would have preferred had it been left to the states and I think most people would have preferred that."
"RUBIO: As few as possible. The Second Amendment, as I've said before, is not a suggestion. It is the constitutional right of every American to protect themselves and their families. It is a right that <U+FFFD> it is the Second Amendment for a reason. It is right after the defense of the freedom of speech for a reason, for clearly the founders of our nation understood and the framers of the Constitution understood that you cannot have life and you cannot have liberty and cannot pursue happiness if you are not safe."
"RUBIO: And the Second Amendment <U+FFFD> when people talk about gun laws, what they need to realize is, criminals don't follow gun laws. They're criminals. By definition, they ignore the law. [applause] But the gun rights of Americans, if you are talking to a law- abiding citizen and a gun-owner like myself, if you pass a law, I will follow whatever the law is. A criminal will not do it. They will continue to pursue these guns on the black market, where they then go out and commit crimes and they steal guns from each other. Gun laws are not effective. They simply do not provide for safety. But they do, however, ensure that law-abiding people don't have access to weapons to protect themselves and guns to protect themselves, but criminals always will be well armed. They don't care about the law; they don't follow the law. We will protect the Second Amendment when I'm president of the United States. [applause]"
"TRUMP: No, I'm a big defender of the Second Amendment. And if you look at what's happened, whether it's in California, where you had the 14 people killed, whether it's in Paris <U+FFFD> which, by the way, has the toughest gun laws in the world and 130 people killed. Many, many people in the hospital gravely injured. They will be dying. Many people will be dying in addition. If we had guns, or if they had guns on the other side of the room, with the bullets going in the opposite direction, you would not have had 130 people killed. That I can tell you right now. [applause] So I'm a very, very big supporter of the Second Amendment."
"TRUMP: I don't support it anymore. I do not support the ban on assault. [audience booing]"
"CRUZ: Well, listen, unlike Donald, I would not support banning firearms. In that instance, Bill Clinton banned many of the most popular firearms in America. And by the way, the study showed that ban did nothing to reduce violent crime. It just took away the Second Amendment rights of law-abiding citizens. [applause] And let me point out, you know, it is easy for political candidates to have rhetoric and say, ""I support the Second Amendment."" But you cannot say that and at the same time say what Donald just said, which is that on the question of Supreme Court nominees he wants to compromise and reach a middle ground with Harry Reid and Chuck Schumer. That's what he said in the last debate."
"TRUMP: I <U+FFFD> I did not say that. I did not say that."
"CRUZ: And any justice that Harry Reid and Chuck Schumer sign off on..."
"TRUMP: I did not say that."
"CRUZ: And I would point out, Harry Reid and Chuck Schumer are both Democrats that Mr. Trump has written checks to repeatedly. Any justice that those two sign off on is going to be a left-wing judicial activist who will undermine religious liberty, and we are one vote away from the Heller decision being overturned, which would effectively erase the Second Amendment from the Bill of Rights. If you care about the Second Amendment, then you need to ask who on this stage do you know will appoint principled constitutionalists to the court and not cut a deal with your Second Amendment rights?"
"TRUMP: So we're listening to the all-talk, no-action politician, and he was the primary supporter of John Roberts, who gave us Obamacare."
"CRUZ: That's flat-out wrong."
"TRUMP: No, it's not. You take a look. He was the primary supporter. He pushed John Roberts, and pushed him, and pushed him, and Bush ultimately appointed him. He got appointed. And when it came his time to raise his hand and kill Obamacare, not once, but twice, he let us down, and he did the wrong thing. This is the man that was the primary supporter. And you can read law journal, you can read whatever you want to read <U+FFFD> I've read plenty of it. There was no stronger supporter of John Roberts than him. And it was a very, very big mistake."
"CRUZ: You know, Donald has a tenuous relationship with the truth. [laughter] I wrote one op-ed supporting President Bush's nomination after he made it. I would not have made that nomination. But let me point out..."
"TRUMP: Not what you say in the op-ed."
"CRUZ: ... if Donald actually cared about..."
"TRUMP: That is not what you said in the op-ed."
"CRUZ: But, Donald, please, I know it's hard not to interrupt. But try."
"TRUMP: Yeah, I know it is. But it's not what you said in the op-ed."
"CRUZ: Breathe, breathe, breathe."
"TRUMP: Lyin' Ted."
"CRUZ: You can do it. You can breathe. I know it's hard. I know it's hard. But just..."
"RUBIO: When they're done with the yoga, can I answer a question?"
"CRUZ: You cannot. [laughter]"
"RUBIO: Unbelievable."
"CRUZ: I really hope that we don't <U+FFFD> we don't see yoga on this stage."
"RUBIO: Well, he's very flexible, so you never know. [applause]"
"CRUZ: But you cannot, in fact, care about conservative Supreme Court justices and support Jimmy Carter for president. You cannot care about conservative Supreme Court justices and support John Kerry for president, as Donald did. You cannot care about conservative Supreme Court justices and support Harry Reid for Senate majority leader. And you cannot care about conservative Supreme Court justices and write four checks to Hillary Clinton for her to be president if you care at all about the Second Amendment or religious liberty or anything else."
"RUBIO: Well, first of all, I think, as we've seen throughout this campaign, Donald has not shown a seriousness about the issues of foreign policy. He just simply hasn't. Whether it was the structure of our military, even today he was asked a question about the issue of commanders not following his lead on killing the family of terrorists. And his answer basically was, if I tell them to do it, they're going to do it. Now that's just not true. Foreign policy is not only consequential, I think much of our future now depends on it. You know, I see a lot of young people at my events around the country. I feel great when they come. And I always them that despite the hardships of the moment, I honestly believe that today's Millennials have a chance to be the greatest generation we've had in 100 years. I really do. Because the world today has hundreds of millions of people that can afford to be their clients, their customers, their partners, people they collaborate with. But that won't happen if the world is dangerous and it's unstable. And that will require strong American leadership. The next president of the United States is going to have eight years of a mess of a foreign policy to clean up. That's why it can't be Hillary Clinton. And quite frankly, that's why it can't be someone who simply has not shown the intellectual curiosity or the interest in learning about these very complicated issues. And Donald simply hasn't."
"TRUMP: Well, let me just say this. I've gotten to know Marco over a period of time, believe me, he is not a leader. Believe me."
"RUBIO: But that doesn't answer the question. [crosstalk]"
"TRUMP: He didn't answer <U+FFFD> he's not a leader. And, frankly, when I say they'll do as I tell them, they'll do as I tell them. And that's very <U+FFFD> it's very simple. It's very simple. We are in a very dangerous place. We have a depleted military. Totally depleted. We have <U+FFFD> by the way, our vets are treated horribly. We're going to take care of our vets. We're going to start taking care of our vets, properly, like we should. [applause] But we're going to build up our military, and we're going to get the equipment we want, not the equipment that's sold to us by somebody that gave him and him and not the governor campaign contributions. OK? We're going to get the equipment that the generals and the soldiers want. I will prove to be a great leader. And, you know, it's very interesting, we talk about the polls. Every single poll when it comes to ISIS and the military and the border say, by far, Trump is the best."
"RUBIO: Yeah, I just want to <U+FFFD> a couple points. Once again, he was pressed on a policy issue to show his understanding of the foreign policy, and his reaction was just to attack somebody else with a name. Here's the bottom line. And I'm going to repeat it again. The world today is as complicated and as complex as it has been certainly in a very <U+FFFD> certainly in the lifetime of anybody here today. You indeed do have a lunatic in North Korea with nuclear weapons. You indeed do have the Chinese government taking over the most important shipping lane in the world. And Vladimir Putin, who you've expressed admiration for, Donald..."
"TRUMP: Wrong. Wrong."
"RUBIO: You've expressed admiration for him."
"TRUMP: Wrong. [crosstalk]"
"RUBIO: Donald, you said he's a strong leader."
"TRUMP: Wrong."
"RUBIO: He is now dividing Europe up..."
"TRUMP: He said very good things about me, and I said...[crosstalk]"
"RUBIO: All right, I'm going to finish my statement here."
"TRUMP: Yeah, finish."
"RUBIO: And he's also sowing instability in the Middle East. You have Iran who's going to get $100 billion of sanctions relief. You have radical jihadists spreading all over the world. This is a time for seriousness on these issues. You have yet to answer a single serious question about any of this. Will you give us a detailed answer about foreign policy any time you're asked on it?"
"TRUMP: Let me just tell you, first of all, I've been hearing this man so long talking about Putin. Putin said about me <U+FFFD> I didn't say about Putin <U+FFFD> Putin said very nice things about me. And I say very nicely, wouldn't it be nice if actually we could get along with Russia, we could get along with foreign countries, instead of spending trillions and trillions of dollars? You're talking about Flint, Michigan. You're talking about places <U+FFFD> we need to rebuild the infrastructure of our country. Wouldn't it be nice if we got along with the world, and maybe Russia could help us in our quest to get rid of ISIS, et cetera, et cetera? [crosstalk]"
"CRUZ: Yes. Yes."
"CRUZ: Well, you're right, the news is very disturbing that Kim Jong-un has put their nuclear weapons on ready state. I'm glad that we're sending another carrier group to the South China Sea. I'm glad that Congress passed sanctions on North Korea. But this is all the result of the failures of the Clinton administration two decades ago that negotiated a deal with North Korea lifting the sanctions, allowing billions of dollars to flow in, and they used that money to develop nuclear weapons in the first place. What we <U+FFFD> now we're in a much harder position. When you have a lunatic with nuclear weapons, to some extent, it constrains your options. We need to be moving the carrier <U+FFFD> carrier group to the South China Seas. We <U+FFFD> we need to be putting in place missile defense, such as the THAAD missile defense system in South Korea. We need to be pursuing space-based missile defense. One of the advantages of space-based missile defense is that if you have a missile launch in North Korea or you have a missile launch in Iran, a space-based missile defense can take out one or two or three missiles before it can cross over and do damage. And we also need to be putting pressure on China, because North Korea is effectively a <U+FFFD> a client state of China. All of that will happen with a strong commander-in-chief that is devoted to keeping this country safe."
"KASICH: I'll have to see this. [begin video clip]"
"TRUMP: I think I'd get along very well with Vladimir Putin. I just think so. [end video clip] [laughter]"
"KASICH: That was a pretty good one."
"KASICH: No, I...[crosstalk]"
"KASICH: Of course."
"KASICH: I'm not biting. Let me take you around the world, OK? Let me <U+FFFD> look, I'm going to take you very quickly. In Russia, we need to tell them we're going to arm the Ukrainians with defensive lethal weapons. And we're going to tell Putin if you attack anybody in Eastern Europe in NATO, you attack Finland and Sweden, which is not in NATO, consider it an attack on us. And he will understand that. Secondly, I would tell the Chinese you don't own the South China Sea. Stop hacking us. And we're going to beef up our cyber command. And we're going to be in a position to be able to take out your systems if you continue to do this. Now let's move over into the Middle East. The Egyptians, they know they're on their last legs there because of the attack from ISIS. The Jordanians are <U+FFFD> really have been our friends. They know that they are at risk. So do the Saudis. So do the Gulf states. They are our allies, really, or have similar aims, we need to bring them closer to us. Turkey a critical avenue to the Middle East. We have to bring them towards the West, and not towards the East."
"KASICH: And we have a joint, good human intelligence. That is called a semi-trip around the world. And if you gave me more time, I'd finish the trip."
"KASICH: Thank you."
"RUBIO: I'll support the Republican nominee."
"RUBIO: I'll support Donald if he's the Republican nominee, and let me tell you why. Because the Democrats have two people left in the race. One of them is a socialist. America doesn't want to be a socialist country. If you want to be a socialist country, then move to a socialist country. The other one is under FBI investigation. And not only is she under FBI investigation, she lied to the families of the victims of Benghazi, and anyone who lies to the families of victims who lost their lives in the service of our country can never be the commander- in-chief of the United States."
"RUBIO: We must defeat Hillary Clinton."
"CRUZ: Yes, because I gave my word that I would. And what I have endeavored to do every day in the Senate is do what I said I would do. You know, just on Tuesday, we saw an overwhelming victory in the state of Texas where I won Texas by 17 percent. And I will say it was a powerful affirmation that the people who know me best, the people who I campaigned, who made promises that if you elect me, I'll lead the fight against Obamacare, I'll lead the fight against amnesty, I'll lead the fight against our debt, and I will fight for the Bill of Rights and your rights every day, that the people of Texas said you have kept your word, and that's what I'll do as president."
"KASICH: Yeah. But <U+FFFD> and I kind of think that, before it's all said and done, I'll be the nominee. But let me also say...[applause] But let me also say, remember..."
"KASICH: But I'm the little engine that can. And, yeah, look, when you're in the arena, and we're in the arena. And the people out here watching <U+FFFD> we're in the arena, we're traveling, we're working, we spend time away from our family, when you're in the arena, you enter a special circle. And you want to respect the people that you're in the arena with. So if he ends up as the nominee <U+FFFD> sometimes, he makes it a little bit hard <U+FFFD> but, you know, I will support whoever is the Republican nominee for president. [applause]"
"TRUMP: Even if it's not me? [laughter] Let me just start off by saying..."
"TRUMP: ... OK <U+FFFD> that I'm very, very proud of <U+FFFD> millions and millions of people have come to the Republican Party over the last little while. They've come to the Republican Party. And by the way, the Democrats are losing people. This is a trend that's taking place. It's the biggest thing happening in politics, and I'm very proud to be a part of it. And I'm going to give them some credit, too, even though they don't deserve it. But the answer is"
"TRUMP: Yes, I will. Yes. I will."
"KASICH: Well, ladies and gentlemen, I love being here in Michigan, and I want to say to all of you here that I have a record of being able to solve some of the biggest problems. It's not just talk, and it's not theory. I did it in Washington by helping people get into a healthier economic situation. I've done it in Ohio. And as we've made progress in Ohio, we've left no one behind. We've not left behind the mentally ill, the drug addicted, the working poor, the developmental disabled, and we have raised our minority community. And as president of the United States, I will go back to Washington, I will take the formulas that I used, and I will <U+FFFD> I will fix the problems in Washington, and you'll work with me as I send you power to fix your <U+FFFD> your communities, your neighborhoods, your state, and together, we'll restore the spirit of America. And I know you want that. Thank you. [applause]"
"RUBIO: Well, I know this has been an unusual election cycle, as it continues, and there's a lot of problems in America, and people are truly hurting. But this election is not just about confronting our problems; it's also about embracing our opportunities. I believe the 21st century holds the potential to be the greatest era in the history of the United States, if we get this election right and if we act now. If we do, if we do what needs to be done, we can leave our children as the freest and most prosperous Americans that have ever lived, and the 21st century can be the greatest era in the amazing story of America. So I ask everyone to vote for me and join our effort at marcorubio.com. [applause]"
"CRUZ: I want to talk to every soldier and sailor and airman and Marine. I want to talk to every mom and dad and sister and brother and son and daughter of someone fighting for this country. For seven years, you've had a commander-in-chief that doesn't believe in you, that sends you into combat with rules of engagement that tie your arms behind your back. That is wrong. It is immoral. And in January 2017, it will end. I want to also talk to all the police officers and firefighters and first responders who have been left behind with this president. Starting in January 2017, I will have your back. [applause]"
"TRUMP: Thank you. I am going to bring jobs back to the United States like nobody else can. We're going to fix our very depleted military. We're going to take care of our vets. We're going to strengthen our borders. And you're going to be very, very proud of this country in just a few years if I'm elected president. Thank you."
