"text"
"CRUZ: Well, Maria, thank you for that question, and let me say thank you to the state of South Carolina for welcoming us. Let me start <U+FFFD> I want to get to the substance of the question on jobs, but I want to start with something. Today, many of us picked up our newspapers, and we were horrified to see the sight of 10 American sailors on their knees, with their hands on their heads. In that State of the Union, President Obama didn't so much as mention the 10 sailors that had been captured by Iran. President Obama's preparing to send $100 billion or more to the Ayatollah Khamenei. And I'll tell you, it was heartbreaking. But the good news is the next commander-in-chief is standing on this stage. [applause] And I give you my word, if I am elected president, no service man or service woman will be forced to be on their knees, and any nation that captures our fighting men will feel the full force and fury of the United States of America. [applause] Now, on to your substantive question. The president tried to paint a rosy picture of jobs. And you know, he's right. If you're a Washington lobbyist, if you make your money in and around Washington, things are doing great. The millionaires and billionaires are doing great under Obama. But we have the lowest percentage of Americans working today of any year since 1977. Median wages have stagnated. And the Obama-Clinton economy has left behind the working men and women of this country. The reason all of us are here is we believe we should be fighting for the working men and women of this country, and not Washington, D.C."
"KASICH: Look, it takes three things basically to grow jobs. And I've done it when I was in Washington when we had a balanced budget; had four years of balanced budgets; paid down a half-trillion of debt. And our economy was growing like crazy. It's the same thing that I did in Ohio. It's a simple formula"
"CHRISTIE: Well, Maria, I'm glad to have heard from you in the summary of that question about what's going on in the world. Because Tuesday night, I watched story time with Barack Obama. And I've got to tell you, it sounded like everything in the world was going amazing, you know? [applause] The fact is, there's a number of things that the next president is going to have to do to clean up this mess. The first thing is we have to strengthen our alliances around the world. And the best way to do that is to start talking to our allies again and having them be able to count on our word. Lots of people will say lots of different things about me in this campaign and others, but the one thing they've never said about me is that I'm misunderstood. And so when we talk to our allies and we give them our word, in a Christie administration, they know we're going to keep it. Next, we have to talk to our adversaries, and we have to make sure they understand the limits of our patience. And this president, given what Ted said right at the beginning, he's absolutely right. It's a <U+FFFD> it's absolutely disgraceful that Secretary Kerry and others said in their response to what's going on in Iran that this was a good thing; it showed how the relationship was getting better. The president doesn't understand <U+FFFD> and by the way, neither does Secretary Clinton <U+FFFD> and here's my warning to everybody out in the audience tonight. If you're worried about the world being on fire, you're worried about how we're going to use our military, you're worried about strengthening our military and you're worried most of all about keeping your homes and your families safe and secure, you cannot give Hillary Clinton a third term of Barack Obama's leadership. I will not do that. If I'm the nominee, she won't get within 10 miles of the White House. [applause]"
"CHRISTIE: MIlitary action, Maria, would be used when it was absolutely necessary to protect American lives and protect American interests around the world. We are not the world's policeman, but we need to stand up and be ready. And the problem, Maria, is that the military is not ready, either. We need to rebuild our military, and this president has let it diminish to a point where tinpot dictators like the mullahs in Iran are taking our Navy ships. It is disgraceful, and in a Christie administration, they would know much, much better than to do that. [applause]"
"BUSH: Well first of all, the idea that somehow we're better off today than the day that Barack Obama was inaugurated president of the United States is totally an alternative universe. The simple fact is that the world has been torn asunder. Think about it. With grandiose language, the president talks about red lines and nothing to follow it up; talks about ISIS being the JV team, they form a caliphate the size of Indiana with 35 (thousand) to 40,000 battle-tested terrorists. He's missing the whole point, that America's leadership in the world is required for peace and stability. In the crowd today is Major General James Livingston, who's the co-chairman of my campaign here in South Carolina, a Medal of Honor recipient. [applause] I've learned from him that what we need to achieve is peace through strength, which means we need to rebuild the military. In this administration, every weapon system has been gutted, in this administration, the force levels are going down to a level where we can't even project force. Our friends no longer think we have their back and our enemies no longer fear us, and we're in a much difficult <U+FFFD> we're in a much different position than we should be. And for the life of me, I have no understanding why the president thinks that everything is going well. Terrorism is on the run, China, Russia is advancing their agenda at warp speed, and we pull back. As president of the United States, I will be a commander in chief that will have the back of the military. We will rebuild the military to make sure that it is a solid force, not to be the world's policeman, but to make sure that in a peaceful world, people know that the United States is there to take care of our own national interests and take care of our allies. [applause]"
"BUSH: No. And worse <U+FFFD> worse yet, to be honest with you, Hillary Clinton would be a national security disaster. Think about it. She wants to continue down the path of Iran, Benghazi, the Russian reset, Dodd-Frank, all the things that have <U+FFFD> that have gone wrong in this country, she would be a national security mess. And that is wrong. And you know what? Here's the problem. If she gets elected, she's under investigation with the FBI right now. If she gets elected, her first 100 days, instead of setting an agenda, she might be going back and forth between the White House and the courthouse. We need to stop that. [laughter and applause]"
"RUBIO: Yeah, I would go, first of all, one step further in this description of Hillary Clinton. She wouldn't just be a disaster, Hillary Clinton is disqualified from being commander in chief of the United States. [applause] Someone who cannot handle intelligence information appropriately cannot be commander in chief and someone who lies to the families of those four victims in Benghazi can never be president of the United States. Ever. [applause] On the issue of Barack Obama, Barack Obama does not believe that America is a great global power. Barack Obama believes that America is a arrogant global power that needs to be cut down to size. And that's how you get a foreign policy where we cut deals with our enemies like Iran and we betray our allies like Israel and we gut our military and we go around the world like he has done on 10 separate occasions and apologized for America. He doesn't understand the threat in ISIS. He consistently underestimates it but I do not. There is a war against ISIS, not just against ISIS but against radical jihadists terrorists, and it is a war that they win or we win. When I'm president of the United States, we are going to win this war on ISIS. The most powerful intelligence agency in the world is going to tell us where we are, the most powerful military in the world is going to destroy them. And if we capture any of them alive, they are getting a one-way ticket to Guantanamo Bay, Cuba, and we are going to find out everything they know. [applause]"
"CARSON: Well, I'm very happy to get a question this early on. I was going to ask you to wake me up when that time came. [laughter] You know, I find it really quite fascinating some of the president's proclamations. The fact of the matter is he doesn't realize that we now live in the 21st century, and that war is very different than it used to be before. Not armies massively marching on each other and air forces, but now we have dirty bombs and we have cyber attacks and we have people who will be attacking our electrical grid. And, you know, we have a whole variety of things that they can do and they can do these things simultaneously. And we have enemies who are obtaining nuclear weapons that they can explode in our exoatmosphere and destroy our electric grid. I mean, just think about a scenario like that. They explode the bomb, we have an electromagnetic pulse. They hit us with a cyberattack simultaneously and dirty bombs. Can you imagine the chaos that would ensue at that point? He needs to recognize that those kinds of things are in fact an existential threat to us. But here's the real key. We have the world's best military, even though he's done everything he can to diminish it. And the fact of the matter is if we give them a mission and we don't tie their hands behind their back, they can get it accomplished. [applause]"
"TRUMP: It's not fear and terror, it's reality. You just have to look today at Indonesia, bombings all over. [applause] You look at California, you look, frankly, at Paris where there's a <U+FFFD> the strictest no-gun policy of any city anywhere in the world, and you see what happens"
"CRUZ: Well Maria, thank you for passing on that hit piece in the front page of the New York Times. You know the nice thing about the mainstream media, they don't hide their views. The New York Times a few weeks back had a columnist who wrote a column saying, ""Anybody But Cruz."" Had that actually <U+FFFD> that same columnist wrote a column comparing me to an evil demonic spirit from the move, ""It Follows"" that jumps apparently from body to body possessing people. So you know the New York Times and I don't have exactly have the warmest of relationships. Now in terms of their really stunning hit piece, what they mentioned is when I was running for senate <U+FFFD> unlike Hillary Clinton, I don't have masses of money in the bank, hundreds of millions of dollars. When I was running for senate just about every lobbyist, just about all of the establishment opposed me in the senate race in Texas and my opponent in that race was worth over 200 million dollars. He put a 25 million dollar check up from his own pocket to fund that campaign and my wife Heidi and I, we ended up investing everything we owned. We took a loan against our assets to invest it in that campaign to defend ourselves against those attacks. And the entire New York times attack <U+FFFD> is that I disclosed that loan on one filing with the United States Senate, that was a public filing. But it was not on a second filing with FDIC and yes, I made a paperwork error disclosing it on one piece of paper instead of the other. But if that's the best the New York Times has got, they better go back to the well."
"CRUZ: Well, Neil, I'm glad we're focusing on the important topics of the evening. [laughter and applause] You know, back in September, my friend Donald said that he had had his lawyers look at this from every which way, and there was no issue there. There was nothing to this birther issue. [laughter] Now, since September, the Constitution hasn't changed. [laughter] But the poll numbers have. [applause] And I recognize <U+FFFD> I recognize that Donald is dismayed that his poll numbers are falling in Iowa. But the facts and the law here are really quite clear. Under longstanding U.S. law, the child of a U.S. citizen born abroad is a natural-born citizen. If a soldier has a child abroad, that child is a natural-born citizen. That's why John McCain, even though he was born in Panama, was eligible to run for president. If an American missionary has a child abroad, that child is a natural-born citizen. That's why George Romney, Mitt's dad, was eligible to run for president, even though he was born in Mexico. At the end of the day, the legal issue is quite straightforward, but I would note that the birther theories that Donald has been relying on <U+FFFD> some of the more extreme ones insist that you must not only be born on U.S. soil, but have two parents born on U.S. soil. Under that theory, not only would I be disqualified, Marco Rubio would be disqualified, Bobby Jindal would be disqualified and, interestingly enough, Donald J. Trump would be disqualified. [applause]"
"CRUZ: Because <U+FFFD> because Donald's mother was born in Scotland. She was naturalized. Now, Donald..."
"TRUMP: But I was born here."
"CRUZ: ... on the issue <U+FFFD> on the issue of citizenship, Donald..."
"TRUMP: [inaudible]. Big difference."
"CRUZ: ... on the issue of citizenship, Donald, I'm not going to use your mother's birth against you."
"TRUMP: OK, good. Because it wouldn't work."
"CRUZ: You're an American, as is everybody else on this stage, and I would suggest we focus on who's best prepared to be commander- in-chief, because that's the most important question facing the country. [applause]"
"TRUMP: ... first of all, let me just tell you something <U+FFFD> and you know, because you just saw the numbers yourself <U+FFFD> NBC Wall Street Journal just came out with a poll <U+FFFD> headline"
"TRUMP: Because now he's going a little bit better. No, I didn't care [inaudible]. It's true. No, it's true. Hey look, he never had a chance. Now, he's doing better. He's got probably a four or five percent chance. [laughter] [crosstalk]"
"CRUZ: Neil... [crosstalk]"
"TRUMP: The fact is, there is a big overhang. There's a big question mark on your head. And you can't do that to the party. You really can't. You can't do that to the party. You have to have certainty. Even if it was a one percent chance, and it's far greater than one percent because [inaudible]. I mean, you have great constitutional lawyers that say you can't run. If there was a <U+FFFD> and you know I'm not bringing a suit. I promise. But the Democrats are going to bring a lawsuit, and you have to have certainty. You can't have a question. I can agree with you or not, but you can't have a question over your head."
"CRUZ: Well, listen, I've spent my entire life defending the Constitution before the U.S. Supreme Court. And I'll tell you, I'm not going to be taking legal advice from Donald Trump."
"TRUMP: You don't have to. Take it from Lawrence Tribe. [applause] [crosstalk] Take it from your professors...[crosstalk]"
"CRUZ: The chances of any litigation proceeding and succeeding on this are zero. And Mr. Trump is very focused..."
"TRUMP: He's wrong. He's wrong."
"CRUZ: ... on Larry Tribe. Let me tell you who Larry Tribe is. He's a left-wing judicial activist, Harvard Law professor who was Al Gore's lawyer in Bush versus Gore. He's a major Hillary Clinton supporter. And there's a reason why Hillary's supporters are echoing Donald's attacks on me, because Hillary..."
"TRUMP: He is not the only one."
"CRUZ: ... wants to face Donald Trump in the general election."
"TRUMP: There are many lawyers."
"CRUZ: And I'll tell you what, Donald, you <U+FFFD> you very kindly just a moment ago offered me the V.P. slot. [laughter] I'll tell you what. If this all works out, I'm happy to consider naming you as V.P. So if you happen to be right, you could get the top job at the end of the day."
"TRUMP: No <U+FFFD> no...[laughter]... I think if it doesn't... [applause] I like that. I like it. I'd consider it. But I think I'll go back to building buildings if it doesn't work out."
"CRUZ: Actually, I'd love to get you to build a wall. [crosstalk]"
"TRUMP: I have a feeling it's going to work out, actually. [crosstalk]"
"RUBIO: Let me [inaudible]. I was invoked in that question, so let me just say <U+FFFD> in that answer <U+FFFD> let me say, the real question here, I hate to interrupt this episode of Court TV. [laughter] But the real <U+FFFD> but I think we have to get back to what this election has to be about. OK? Listen, we <U+FFFD> this is the greatest country in the history of mankind. But in 2008, we elected a president that didn't want to fix America. He wants to change America. We elected a president that doesn't believe in the Constitution. He undermines it. We elected a president that is weakening America on the global stage. We elected a president that doesn't believe in the free enterprise system. This election has to be about reversing all of that damage. That's why I'm running for office because when I become president of the United States, on my first day in office we are going to repeal every single one of his unconstitutional executive orders. When I'm president of the United States we are getting rid of Obamacare and we are rebuilding our military. And when I'm president, we're not just going to have a president that gives a State of the Union and says America is the greatest country in the world. When I'm president, we're going to have a president that acts like it."
"TRUMP: Okay. First of all, Nikki this afternoon said I'm a friend of hers. Actually a close friend. And wherever you are sitting Nikki, I'm a friend. We're friends. That's good. [laughter] But she did say there was anger. And I could say, oh, I'm not angry. I'm very angry because our country is being run horribly and I will gladly accept the mantle of anger. Our military is a disaster. [applause] Our healthcare is a horror show. Obamacare, we're going to repeal it and replace it. We have no borders. Our vets are being treated horribly. Illegal immigration is beyond belief. Our country is being run by incompetent people. And yes, I am angry. [applause] And I won't be angry when we fix it, but until we fix it, I'm very, very angry. And I say that to Nikki. So when Nikki said that, I wasn't offended. She said the truth. One of your colleagues interviewed me. And said, well, she said you were angry and I said to myself, huh, she's right. I'm not fighting that. I didn't find it offensive at all. I'm angry because our country is a mess. [applause]"
"RUBIO: You know, as I said already twice in this , we have a very serious problem in this country. [applause] We have a president of the United States that is undermining this country's security and expanding the role of..."
"RUBIO: Well, I am going to answer your question, Neil. He is <U+FFFD> this president is undermining the constitutional basis of this government. This president is undermining our military. He is undermining our standing in the world. I like Chris Christie, but we can not afford to have a president of the United States that supports Common Core. [applause] We can not afford to have a president of the United States that supports gun control. This president, this president is more interested in funding <U+FFFD> less interested in funding the military, than he is in funding planned <U+FFFD> he's more interested in funding Planned Parenthood than he is in funding the military. Chris Christie wrote a check to Planned Parenthood. All I'm saying is our next president has to be someone that undoes the damage Barack Obama has done to this country. It can not be someone that agrees with his agenda. Because the damage he has done to America is extraordinary. Let me tell you, if we don't get this election right, there may be no turning back for America. We're on the verge of being the first generation of Americans that leave our children worse off than ourselves. So I just truly, with all my heart belief, I like everybody on the stage. No one is a socialist. No one here is under FBI investigation. So we have a good group of people."
"RUBIO: Our next president..."
"RUBIO: Unfortunately, Governor Christie has endorsed many of the ideas that Barack Obama supports, whether it is Common Core or gun control or the appointment of Sonia Sotomayor or the donation he made to Planned Parenthood. Our next president, and our Republican nominee can not be someone who supports those positions."
"CHRISTIE: I stood on the stage and watched Marco in rather indignantly, look at Governor Bush and say, someone told you that because we're running for the same office, that criticizing me will get you to that office. It appears that the same someone who has been whispering in old Marco's ear too. [laughter] So the indignation that you carry on, some of the stuff, you have to also own then. So let's set the facts straight. First of all, I didn't support Sonia Sotomayor. Secondly, I never wrote a check to Planned Parenthood. Third, if you look at my record as governor of New Jersey, I have vetoed a 50-caliber rifle ban. I have vetoed a reduction this clip size. I vetoed a statewide I.D. system for gun owners and I pardoned, six out-of-state folks who came through our state and were arrested for owning a gun legally in another state so they never have to face charges. And on Common Core, Common Core has been eliminated in New Jersey. So listen, this is the difference between being a governor and a senator. See when you're a senator, what you get to do is just talk and talk and talk. And you talk so much that nobody can ever keep up with what you're saying is accurate or not. When you're a governor, you're held accountable for everything you do. And the people of New Jersey, I've seen it. [applause]"
"CHRISTIE: And the last piece is this. I like Marco too, and two years ago, he called me a conservative reformer that New Jersey needed. That was before he was running against me. Now that he is, he's changed his tune. I'm never going to change my tune. I like Marco Rubio. He's a good guy, a smart guy, and he would be a heck of a lot better president than Hillary Rodham Clinton would ever be. [applause]"
"BUSH: Neil, my name was mentioned here. Neil, my name was mentioned as well. Here's the deal, Chris is totally right. He's been a good governor, and he's a heck of a lot better than his predecessor that would have bankrupted New Jersey. Everybody on this stage is better than Hillary Clinton. And I think the focus ought to be on making sure that we leave this nomination process, as wild and woolly as it's going to be <U+FFFD> this is not being bad. These attack ads are going to be part of life. Everybody just needs to get used to it. Everybody's record's going to be scrutinized, and at the end of the day we need to unite behind the winner so we can defeat Hillary Clinton, because she is a disaster. [applause] Our country rise up again, but we need to have a compelling conservative agenda that we present to the American people in a way that doesn't disparage people, that unites us around our common purpose. And so everybody needs to discount some of the things you're going to hear in these ads, and discount the <U+FFFD> the back-and-forth here, because every person here is better than Hillary Clinton."
"CARSON: Neil, I was mentioned too."
"CARSON: Yeah, he said everybody. [laughter] And <U+FFFD> and I just want to take this opportunity to say, you know, in the 2012 election, you know, we <U+FFFD> and when I say we, Republicans <U+FFFD> tore themselves apart. You know, we have to stop this because, you know, if we manage to damage ourselves, and we lose the next election, and a progressive gets in there and they get two or three Supreme Court picks, this nation is over as we know it. And we got to look at the big picture here."
"KASICH: Well, if that's the case, we're going to win every state, if Bernie Sanders is the nominee. That's not even an issue. But look...[applause]...and I know Bernie, and I can promise you he's not going to be president of the United States. So here's this <U+FFFD> the situation, I think, Maria. And this is what we have to <U+FFFD> I <U+FFFD> I've got to tell you, when wages don't rise <U+FFFD> and they haven't for a lot of families for a number of years <U+FFFD> it's very, very difficult for them. Part of the reason why it hasn't risen because sometimes we're not giving people the skills they need. Sometimes it's because the Federal Reserve kept interest rates so low that the wealthy were able to invest in <U+FFFD> in strong assets like the stock market when everybody else was left behind. People are upset about it. I'll tell you what else they're upset about"
"CARSON: Well, there's not question that we should be able to look at past president whether they're married to somebody who's running for president or not in terms of their past behavior and what it means. But you know, here's the real issue, is this America anymore? Do we still have standards? Do we still have values and principles? You know, you look at what's going on, you see all the divisiveness and the hatred that goes on in our society. You know, we have a war on virtual everything <U+FFFD> race wars, gender wars, income wars, religious wars, age wars. Every war you can imaging, we have people at each other's throat and our strength is actually in our unity. You know, you go to the internet, you start reading an article and you go to the comments section <U+FFFD> you cannot go five comments down before people are calling each all manner of names. Where did that spirit come from in America? It did not come from our Judeo-Christian roots, I can tell you that. And wherever it came from we need to start once again recognizing that there is such a thing as right and wrong. And let's not let the secular progressives drive that out of us. The majority of people in American actually have values and principles and they believe in the very things that made America great. They've been beaten into submission. It's time for us to stand up for what we believe in. [applause]"
"BUSH: First of all, I'd like to recognize Governor Haley for her incredible leadership in the aftermath of the <U+FFFD> [applause] <U+FFFD> the Emanuel AME church killings. And I also want to recognize the people in that church that showed the grace of God and the grace of forgiveness and the mercy that they showed. [applause] I don't know if any of us could have done what they did, one after another, within 48 hours of that tragedy taking place. Look, here's the deal, in this particular case, the FBI made a mistake. The law itself requires a background check, but that didn't fulfill their part of the bargain within the time that they were supposed to do. We don't need to add new rules, we need to make sure the FBI does its job. Because that person should not have gotten a gun, should not <U+FFFD> would not have passed a background check. The first impulse of Barack Obama and Hillary Clinton is to take rights away from law- abiding citizens. That's what they do, whether it's the San Bernardino attack or if it's these tragedies that take place, I think we need to focus on what the bigger issue is. It isn't law-abiding gun owners. Look, I have an A plus rating in the NRA and we also have a reduction in gun violence because in Florida, if you commit a crime with a gun, you're going away. You're going away for a long, long while. And that's what we should focus on is the violence in our communities. Target the efforts for people that are committing crimes with guns, and if you do that, and get it right, you're going to be much better off than creating a political argument where there's a big divide. The other issue is mental health. That's a serious issue that we could work on. Republicans and Democrats alike believe this. [applause] The president's first impulse is do this by executive order, power he doesn't have. Why not go to Congress and in a bipartisan way, begin to deal with the process of mental health issues so that people that are spiraling out of control because of mental health challenges don't have access to guns. [applause]"
"TRUMP: No. I am a 2nd amendment person. If we had guns in California on the other side where the bullets went in the different direction, you wouldn't have 14 or 15 people dead right now. If even in Paris, if they had guns on the other side, going in the opposite direction, you wouldn't have 130 people plus dead. So the answer is no and what Jeb said is absolutely correct. We have a huge mental health problem in this country. We're closing hospitals, we're closing wards, we're closing so many because the states want to save money. We have to get back into looking at what's causing it. The guns don't pull the trigger. It's the people that pull the trigger and we have to find out what is going on. [applause] We have to protect our 2nd amendment and you cannot do this and certainly what Barack Obama was doing with the executive order. He doesn't want to get people together, the old-fashioned way, where you get Congress. You get the Congress, you get the Senate, you get together, you do legislation. He just writes out an executive order. Not supposed to happen that way. [applause]"
"TRUMP: You get the Congress. You get the Senate. You get together. You do legislation. He just writes out an order, executive order. It's not supposed to happen that way. [applause]"
"RUBIO: That sounds like people are afraid the president's going to take their guns away. [applause] Look, the Second Amendment is not an option. It is not a suggestion. It is a constitutional right of every American to be able to protect themselves and their families. I am convinced that if this president could confiscate every gun in America, he would. I am convinced that this president, if he could get rid of the Second Amendment, he would. I am convinced because I see how he works with his attorney general, not to defend the Second Amendment, but to figure out ways to undermine it. I have seen him appoint people to our courts not to defend the Second Amendment, but to figure out ways to undermine it. Here's my second problem. None of these instances that the president points to as the reason why he's doing these things would have been preventive. You know why? Because criminals don't buy their guns from a gun show. They don't buy their guns from a collector. And they don't buy their guns from a gun store. They get <U+FFFD> they steal them. They get them on the black market. And let me tell you, ISIS and terrorists do not get their guns from a gun show. These...[laughter and applause]... his answer <U+FFFD> you name it. If there's an act of violence in America, his immediate answer before he even knows the facts is gun control. Here's a fact. We are in a war against ISIS. They are trying to attack us here in America. They attacked us in Philadelphia last week. They attacked us in San Bernardino two weeks ago. And the last line standing between them and our families might be us and a gun. When I'm president of the United States, we are defending the Second Amendment, not undermining it the way Barack Obama does. [applause]"
"RUBIO: About every two weeks, he holds a press conference talking about how he can't wait to restrict people's access to guns. He has never defended...[crosstalk]...I'll give you a fact. Well, let me tell you this. Do you remember when he ran for president of the United States, and he was a candidate, and he went and said, ""These Americans with traditional values, they are bitter people, and they cling to their guns and to their religion."" That tells you right away where he was headed on all of this. This president every chance he has ever gotten has tried to undermine the Second Amendment. [applause] He doesn't meet <U+FFFD> here's the difference. When he meets with the attorney general in the White House, it's not ""how can we protect the Second Amendment rights of Americans."" It's ""give me options on how I can make it harder for law-abiding people to buy guns."" That will never happen when I am president of the United States. [applause]"
"CHRISTIE: No, absolutely not. The president wants to do things without working with his Congress, without working with the legislature, and without getting the consent of the American people. And the fact is that that's not a democracy. That's a dictatorship. And we need to very, very concerned about that. See, here's the thing. I don't think the founders put the Second Amendment as number two by accident. I don't think they dropped all the amendments into a hat and picked them out of a hat. I think they made the Second Amendment the second amendment because they thought it was just that important. The fact is in New Jersey, what we have done is to make it easier now to get a conceal and carry permit. We have made it easier to do that, not harder. And the way we've done it properly through regulatory action, not by signing unconstitutional executive orders. This guy is a petulant child. That's what he is. I mean, you know...[applause]... the fact is, Neil, let's think about <U+FFFD> let's think about <U+FFFD> and I want to maybe <U+FFFD> I hope the president is watching tonight, because here's what I'd like to tell him. Mr. President, we're not against you. We're against your policies. When you became president, you had a Democratic Congress and a filibuster-proof Democratic Senate. You had only 21 Republican governors in this country. And now after seven years of your policies, we have the biggest majority we've had since the 1920s in the House; a Republican majority in the Senate; and 31 out of 50 Republican governors. The American people have rejected your agenda and now you're trying to go around it. That's not right. It's not constitutional. And we are going to kick your rear end out of the White House come this fall. [applause]"
"CRUZ: The answer is simple. Your prosecute criminals. You target the bad guys. You know, a minute ago, Neil asked"
"CRUZ: You know, I think most people know exactly what New York values are. [laughter]"
"CRUZ: What <U+FFFD> what <U+FFFD> you're from New York? So you might not. [laughter] But I promise you, in the state of South Carolina, they do. [applause] And listen, there are many, many wonderful, wonderful working men and women in the state of New York. But everyone understands that the values in New York City are socially liberal or pro-abortion or pro- gay-marriage, focus around money and the media. And <U+FFFD> and I would note indeed, the reason I said that is I was asked <U+FFFD> my friend Donald has taken to it as advance playing Bruce Springsteen's ""Born in the USA"", and I was asked what I thought of that. And I said, ""well, if he wanted to play a song, maybe he could play, 'New York, New York'?"" And <U+FFFD> and <U+FFFD> you know, the concept of New York values is not that complicated to figure out. Not too many years ago, Donald did a long interview with Tim Russert. And in that interview, he explained his views on a whole host of issues that were very, very different from the views he's describing now. And his explanation <U+FFFD> he said, ""look, I'm from New York, that's what we believe in New York. Those aren't Iowa values, but this is what we believe in New York."" And so that was his explanation. And <U+FFFD> and I guess I can <U+FFFD> can frame it another way. Not a lot of conservatives come out of Manhattan. I'm just saying. [laughter]"
"TRUMP: So conservatives actually do come out of Manhattan, including William F. Buckley and others, just so you understand. [applause] And just so <U+FFFD> if I could, because he insulted a lot of people. I've had more calls on that statement that Ted made <U+FFFD> New York is a great place. It's got great people, it's got loving people, wonderful people. When the World Trade Center came down, I saw something that no place on Earth could have handled more beautifully, more humanely than New York. You had two one hundred...[applause] ...you had two 110-story buildings come crashing down. I saw them come down. Thousands of people killed, and the cleanup started the next day, and it was the most horrific cleanup, probably in the history of doing this, and in construction. I was down there, and I've never seen anything like it. And the people in New York fought and fought and fought, and we saw more death, and even the smell of death <U+FFFD> nobody understood it. And it was with us for months, the smell, the air. And we rebuilt downtown Manhattan, and everybody in the world watched and everybody in the world loved New York and loved New Yorkers. And I have to tell you, that was a very insulting statement that Ted made. [applause]"
"BUSH: Well, first of all, under President Jeb Bush, we would restore the strength of the military. Last week, Secretary Carter announced that the Navy's going to be cut again. It's now half the size of what it was prior to Operation Desert Storm. The deployments are too high for the military personnel. We don't have procurement being done for refreshing the equipment. The B-52 is still operational as the long range bomber; it was inaugurated in the age of Harry Truman. The planes are older than the pilots. We're gutting our military, and so the Iranians and the Chinese and the Russians and many other countries look at the United States not as serious as we once were. We have to eliminate the sequester, rebuild our military in a way that makes it clear that we're back in the game. Secondly, as it relates to Iran, we need to confront their ambitions across the board. We should reimpose sanctions, they've already violated sanctions after this agreement was signed by testing medium-range missiles. Thirdly, we need to move our embassy from Tel Aviv to Jerusalem to send a serious signal that we're back in the game with Israel...[applause]...and sign an agreement that makes sure that the world knows that they will have technological superiority. We need to get back in the game as it relates to our Arab nations. The rest of the world is moving away from us towards other alliances because we are weak. This president and John Kerry and Hillary Clinton all have made it harder for the next president to act, but he must act to confront the ambitions of Iran. We can get back in the game to restore order and security for our own country. [applause]"
"KASICH: Well, let me <U+FFFD> let me first of all talk a little bit about my experience. I served on the Defense Committee for 18 years, and by the way, one of the members of that committee was Senator Strom Thurmond from South Carolina. Let em also tell you...[applause]...that after the 9/11 attacks, Secretary Rumsfeld invited me to the Pentagon with a meeting of the former secretaries of Defense. And in that meeting, I suggested we had a problem with technology, and that I wanted to take people from Silicon Valley into the Pentagon to solve our most significant problems. So I not only had the opportunity to go through the Cold War struggles in Central America, and even after 9/11 to be involved. With Saudi Arabia and oil production, first of all, it's so critical for us to be energy independent, and we're getting there because of fracking and we ought to explore because, see, energy independence gives us leverage and flexibility, and secondly, if you want to bring jobs back to the United States of America in industry, low prices make the difference. We're seeing it in my state and we'll see it in this country. And that's why we must make sure we continue to frack. In terms of Saudi Arabia, look, my biggest problem with them is they're funding radical clerics through their madrasses. That is a bad deal and an evil situation, and presidents have looked the other way. And I was going to tell you, whether I'm president or not, we better make it clear to the Saudis that we're going to support you, we're in relation with you just like we were in the first Gulf War, but you've got to knock off the funding and teaching of radical clerics who are the very people who try to destroy us and will turn around and destroy them. [applause] So look, in foreign policy <U+FFFD> in foreign policy, it's strength, but you've got to be cool. You've got to have a clear vision of where you want to go. And I'm going to tell you, that it <U+FFFD> I'm going to suggest to you here tonight, that you can't do on the job training. I've seen so much of it <U+FFFD> a Soviet Union, the coming down of a wall, the issues that we saw around the world in Central America, the potential spread of communism, and 9/11 and Gulf War. You see what the Saudi's <U+FFFD> deliver them a strong message but at the end of the day we have to keep our cool because most of the time they're going right with us. And they must be part of our coalition to destroy ISIS and I believe we can get that done. Thank you."
"CARSON: Wait a minute, who in their 16th month?"
"CARSON: OK."
"CARSON: Well, there's no question that ISIS is a very serious problem, and I don't believe that this administration recognizes how serious it is. I think we need to do a lot more than we're doing. Recognize that the caliphate is what gives them the legitimacy to go out on a jihadist mission, so we need to take that away from them. The way to take that away from them is to talk to our military officials and ask them, ""what do you need in order to accomplish this goal?"" Our decision is, then, do we give them what we need. I say, yes, not only do we give them what they need, but we don't tie their hands behind their backs so that they can go ahead and get the job done. In addition to that...[applause]...in addition to that, we go ahead and we take the oil from them, their source of revenue. You know, some of these <U+FFFD> these engagement rules that the administration has <U+FFFD> ""we're not going to bomb a tanker that's coming out of there because there might be a person in it"" <U+FFFD> give me a break. Just tell them that, you put people in there, we're going to bomb them. So don't put people in there if you don't want them bombed. You know, that's so simple. [applause] And then we need to shut down <U+FFFD> we need to shut down their mechanisms of funding and attack their command-and-control centers. Why should we let their people be sitting there smoking their cigars, sitting in their comfortable chairs in Raqqa? We know to go ahead and shut off the supply routes, and send in our special ops at 2"
"CHRISTIE: Maria, you look at what this president and his secretary of state, Secretary of State Clinton, has done to get us in this spot. You think about it <U+FFFD> this is the president who said, along with his secretary of state <U+FFFD> drew a red line in Syria, said, if Assad uses chemical weapons against his people, that we're going to attack. He used chemical weapons, he's killed, now, over a quarter of a million of his own people, and this president has done nothing. In fact, he's done worse than nothing. This president <U+FFFD> and, by the way, Secretary Clinton, who called Assad a reformer <U+FFFD> she called Assad a reformer. Now, the fact is, what this president has done is invited Russia to play an even bigger role, bring in Vladimir Putin to negotiate getting those chemical weapons back from Assad, yet what do we have today? We have the Russians and the Iranians working together, not to fight ISIS, but to prop up Assad. The fact of the matter is we're not going to have peace <U+FFFD> we are not going to have peace in Syria. We're not going to be able to rebuild it unless we put a no-fly zone there, make it safe for those folks so we don't have to be talking about Syrian refugees anymore. The Syrians should stay in Syria. They shouldn't be going to Europe. And here's the last piece...[applause]...you're not going to have peace in Syria with Assad in charge. You're simply not. And so Senator Graham is right about this. And if we want to try to rebuild the coalition, as Governor Kasich was saying before, then what we better do is to get to the Arab countries that believe that ISIS is a threat, not only to them, but to us and to world peace, and bring them together. And believe me, Assad is not worth it. And if you're going to leave this to Hillary Clinton, the person who gave us this foreign policy, the architect of it, and you're going to give her another four years, that's why I'm speaking out as strongly as I am about that. Hillary Clinton cannot be president. It will lead to even greater war in this world. And remember this, after Hillary Clinton and Barack Obama have had nearly 8 years, we have fewer democracies in the world than we had when they started. That makes the world less peaceful, less safe. In my administration, we will help to make sure we bring people together in the Middle East, and we will fight ISIS and defeat them."
"TRUMP: No. [laughter] No. [applause] Look, we have to stop with political correctness. We have to get down to creating a country that's not going to have the kind of problems that we've had with people flying planes into the World Trade Centers, with the <U+FFFD> with the shootings in California, with all the problems all over the world. I just left Indonesia <U+FFFD> bomb, bomb, bomb, bomb. We have to find out what's going on. I said temporarily. I didn't say permanently. I said temporarily. And I have many great Muslim friends. And some of them, I will say, not all, have called me and said, ""Donald, thank you very much; you're exposing an unbelievable problem and we have to get to the bottom of it."" And unlike President Obama, where he refuses even to use the term of what's going on, he can't use the term for whatever reason. And if you can't use the term, you're never going to solve the problem. My Muslim friends, some, said, ""thank you very much; we'll get to the bottom of it."" But we have a serious problem. And we can't be the stupid country any more. We're laughed at all over the world. [applause]"
"BUSH: Donald, Donald <U+FFFD> can I <U+FFFD> I hope you reconsider this, because this policy is a policy that makes it impossible to build the coalition necessary to take out ISIS. The Kurds are our strongest allies. They're Muslim. You're not going to even allow them to come to our country? The other Arab countries have a role to play in this. We cannot be the world's policeman. We can't do this unilaterally. We have to do this in unison with the Arab world. And sending that signal makes it impossible for us to be serious about taking out ISIS and restoring democracy in Syria. [applause] So I hope you'll reconsider. I hope you'll reconsider. The better way of dealing with this <U+FFFD> the better way of dealing with this is recognizing that there are people in, you know, the <U+FFFD> Islamic terrorists inside, embedded in refugee populations. What we ought to do is tighten up our efforts to deal with the entry visa program so that a citizen from Europe, it's harder if they've been traveling to Syria or traveling to these other places where there is Islamic terrorism, make it harder <U+FFFD> make the screening take place. We don't have to have refugees come to our country, but all Muslims, seriously? What kind of signal does that send to the rest of the world that the United States is a serious player in creating peace and security?"
"BUSH: Yeah, they are unhinged."
"TRUMP: Eleven points, to be exact."
"BUSH: No, not at all, absolutely not. I can see why people are angry and scared, because this president has created a condition where our national security has weakened dramatically. I totally get that. But we're running for the presidency of the United States here. This isn't <U+FFFD> this isn't, you know, a different kind of job. You have to lead. You cannot make rash statements and expect the rest of the world to respond as though, well, it's just politics. Every time we send signals like this, we send a signal of weakness, not strength. And so it was [inaudible] his statement, which is why I'm asking him to consider changing his views. [applause]"
"TRUMP: I want security for this country. OK? [applause] I want security. I'm tired of seeing what's going on, between the border where the people flow over; people come in; they live; they shoot. I want security for this country. We have a serious problem with, as you know, with radical Islam. We have a tremendous problem. It's not only a problem here. It's a problem all over the world. I want to find out why those two young people <U+FFFD> those two horrible young people in California when they shot the 14 people, killed them <U+FFFD> people they knew, people that held the wedding reception for them. I want to find out <U+FFFD> many people saw pipe bombs and all sorts of things all over their apartment. Why weren't they vigilant? Why didn't they call? Why didn't they call the police? And by the way, the police are the most mistreated people in this country. I will tell you that. [applause] The most mistreated people. In fact, we need to <U+FFFD> wait a minute <U+FFFD> we need vigilance. We have to find out <U+FFFD> many people knew about what was going on. Why didn't they turn those two people in so that you wouldn't have had all the death? There's something going on and it's bad. And I'm saying we have to get to the bottom of it. That's all I'm saying. We need security."
"KASICH: I <U+FFFD> I've been for pausing on admitting the Syrian refugees. And the reasons why I've done is I don't believe we have a good process of being able to vet them. But you know, we don't want to put everybody in the same category. And I'll go back to something that had been mentioned just a few minutes ago. If we're going to have a coalition, we're going to have to have a coalition not just of people in the western part of the world, our European allies, but we need the Saudis, we need the Egyptians, we need the Jordanians, we need the Gulf states. We need Jordan. We need all of them to be part of exactly what the first George Bush put together in the first Gulf War. [bell rings] It was a coalition made up of Arabs and Americans and westerners and we're going to need it again. And if we try to put everybody in the same <U+FFFD> call everybody the same thing, we can't do it. And that's just not acceptable. But I think a pause on Syrian refugees has been exactly right for all the governors that have called for it, and also, of course, for me as the governor of Ohio."
"CHRISTIE: Now Maria, listen. I said right from the beginning that we should take no Syrian refugees of any kind. And the reason I said that is because the FBI director told the American people, told Congress, that he could not guarantee he could vet them and it would be safe. That's the end of the conversation. I can tell you, after spending seven years as a former federal prosecutor, right after 9/11, dealing with this issue. Here's the way you need to deal with it. You can't just ban all Muslims. You have to ban radical Islamic jihadists. You have to ban the people who are trying to hurt us. The only way to figure that out is to go back to getting the intelligence community the funding and the tools that it needs to be able to keep America safe. [bell rings] And this summer, we didn't do that. We took it away from the NSA, it was a bad decision by the president. Bad by those in the Senate who voted for it and if I'm president, we'll make our intelligence community strong, and won't have to keep everybody out, we're just going to keep the bad folk out and make sure they don't harm us."
"RUBIO: Well, first of all, let's understand why we are even having this and why Donald tapped in to some of that anger that's out there about this whole issue. Because this president has consistently underestimated the threat of ISIS. If you listen to the State of the Union the other night, he described them as a bunch of guys with long beards on the back of a pickup truck. They are much more than that. This is a group of people that enslaves women and sells them, sells them as brides. This is a group of people that burns people in cages, that is conducting genocide against Christians and Yazidis and others in the region. This is not some small scale group. They are radicalizing people in the United States, they are conducting attacks around the world. So you know what needs to happen, it's a very simple equation, and it's going to happen when I'm president. If we do not know who you are, and we do not know why you are coming when I am president, you are not getting into the United States of America. [applause]"
"CRUZ: You know I understand why Donald made the comments he did and I understand why Americans are feeling frustrated and scared and angry when we have a president who refuses to acknowledge the threat we face and even worse, who acts as an apologist for radical Islamic terrorism. I think what we need is a commander in chief who is focused like a laser on keeping this country safe and on defeating radical Islamic terrorism. What should we do? First, we should pass the Expatriate Terrorist Act, legislation I've introduced that says if an American goes and joins ISIS and wages jihad against America, that you forfeit your citizenship and you can not come in on a passport. [applause] And secondly, we should pass the legislation that I've introduced...[bell rings]...that suspends all refugees from nations that ISIS or Al Qaida controls significant territory. Just last week, we see saw two Iraqi refugees vetted using the same process the president says will work, that were arrested for being alleged ISIS terrorists. If I'm elected president, we will not let in refugees from countries controlled by ISIS or Al Qaida. When it comes to ISIS, we will not weaken them, we will not degrade them, we will utterly and completely destroy ISIS [applause]."
"CARSON: Well, first of all, recognize it is a substantial problem. But like all of our problems, there isn't a single one that can't be solved with common sense if you remove the ego and the politics. And clearly, what we need to do is get a group of experts together, including people from other countries, some of our friends from Israel, who have had experience screening these people and come up with new guidelines for immigration, and for visas, for people who are coming into this country. That is the thing that obviously makes sense, we can do that. And as far as the Syrians are concerned, Al-Hasakah province, perfect place. They have infrastructure. All we need to do is protect them, they will be in their own country. And that is what they told me when I was in Jordan in November. Let's listen to them and let's not listen to our politicians."
"BUSH: So, are we going to ban Muslims from India, from Indonesia, from countries that are strong allies <U+FFFD> that we need to build better relationships with? Of course not. What we need to do is destroy ISIS. I laid out a plan at the Citadel to do just that and it starts with creating a ""No Fly Zone"" and ""Safe Zones"" to make sure refugees are there. We need to lead a force, a Sunni led force inside of Syria. We need to embed with <U+FFFD> with the Iraqi military. We need to arm the Kurds the directly. We need to re-establish the relationships with the Sunnis. We need the lawyers off the back of the war fighters. That's how you solve the problem. You don't solve it by big talk where you're banning all Muslims and making it harder for us to build the kind of coalition for us to be successful."
"TRUMP: That's wrong. They were wrong. It's the New York Times, they are always wrong."
"TRUMP: They were wrong."
"TRUMP: No, I said, "" I would use <U+FFFD> "" they were asking me what to do about North Korea. China, they don't like to tell us but they have total control <U+FFFD> just about, of North Korea. They can solve the problem of North Korea if they wanted to but they taunt us. They say, "" well, we don't really have control."" Without China, North Korea doesn't even eat. China is ripping us on trade. They're devaluing their currency and they're killing our companies. Thousands of thousands <U+FFFD> you look at the number of companies and the number in terms of manufacturing of plans that we've lost <U+FFFD> 50,000 because of China. [crosstalk]"
"TRUMP: We've lost anywhere between four and seven million jobs because of China. What I said then was, ""we have very unfair trade with China. We're going to have a trade deficit of 505 billion dollars this year with China."" A lot of that is because they devalue their currency. What I said to the New York Times, is that, ""we have great power, economic power over China and if we wanted to use that and the amount <U+FFFD> where the 45 percent comes in, that would be the amount they saw their devaluations that we should get."" That we should get. What I'm saying is this, I'm saying that we do it but if they don't start treating us fairly and stop devaluing and let their currency rise so that our companies can compete and we don't lose all of these millions of jobs that we're losing, I would certainly start taxing goods that come in from China. Who the hell has to lose 505 billion dollars a year?"
"TRUMP: It's not that complicated actually."
"TRUMP: OK, just so you understand <U+FFFD> I know so much about trading about with China. Carl Icahn today as you know endorsed. Many businessmen want to endorse me."
"TRUMP: Carl said, ""no, no <U+FFFD> "" but he's somebody <U+FFFD> these are the kind of people that we should use to negotiate and not the China people that we have who are political hacks who don't know what they're doing and we have problems like this. If these are the kinds of people <U+FFFD> we should use our best and our finest. Now, on that tariff <U+FFFD> here's what I'm saying, China <U+FFFD> they send their goods and we don't tax it <U+FFFD> they do whatever they want to do. They do whatever what they do, OK. When we do business with China, they tax us. You don't know it, they tax us. I have many friends that deal with China. They can't <U+FFFD> when they order the product and when they finally get the product it is taxed. If you looking at what happened with Boeing and if you look at what happened with so many companies that deal <U+FFFD> so we don't have an equal playing field. I'm saying, absolutely, we don't have to continue to lose 505 billion dollars as a trade deficit for the privilege of dealing with China. I'm a free trader. I believe in it but we have to be smart and we have to use smart people to negotiate. I have the largest bank in the world as a tenant of mine. I sell tens' of millions of [inaudible]. I love China. I love the Chinese people but they laugh themselves, they can't believe how stupid the American leadership is."
"TRUMP: I'm totally open to a tariff. If they don't treat us fairly, hey, their whole trade is tariffed. You can't deal in China without tariffs. They do it to us, we don't it. It's not fair trade."
"KASICH: Neil, Neil <U+FFFD> can I say one thing about this. I'm a free trader. I support NAFTA. I believe in the PTT because it's important those countries in Asia are interfacing against China. And we do need China <U+FFFD> Donald's right about North Korea. I mean the fact is, is that they need to put the pressure on and frankly we need to intercepts ships coming out of North Korea so they don't proliferate all these dangerous materials. But what he's touching <U+FFFD> talking about, I think has got merit. And I'll allow putting that tariff or whatever he's saying here..."
"TRUMP: I'm happy to have him tonight...[laughter]"
"KASICH: For too long <U+FFFD> no, for too long, what happens is somebody dumps their product in our country and take our people's jobs, and then we go to an international court and it takes them like a year or two to figure out whether they were cheating us. And guess what? The worker's out of a job. So when they <U+FFFD> be found against that country that's selling products in here lower than the cost of what it takes to produce them, then what do we tell the worker? Oh, well, you know, it just didn't work out for you. I think we should be for free trade but I think fair trade. And when countries violate trade agreements or dump product in this country, we need <U+FFFD> we need to stand up against those countries that do that without making them into an enemy. And I want to just suggest to you. How do I know this? Because so many people in my family worked in steel mills, and they didn't work with a white collar, they worked in a blue collar. And the fact is those jobs are critical, they're hard working members of the middle class and they need to be paid attention to because they're Americans and they carry the load. So let's demand open trade but fair trade in this country. That's what I think we need to do. [applause]"
"RUBIO: But on this point, if I may add something on this point. We are all frustrated with what China is doing. I think we need to be very careful with tariffs, and here's why. China doesn't pay the tariff, the buyer pays the tariff. If you send a tie or a shirt made in China into the United States and an American goes to buy it at the store and there's a tariff on it, it gets passed on in the price to price to the consumer. So I think the better approach, the best thing we can do to protect ourselves against China economically is to make our economy stronger, which means reversing course from all the damage Barack Obama is doing to this economy. It begins with tax reform. Let's not have the most expensive business tax rate in the world. Let's allow companies to immediately expense. [applause] It continues with regulatory reform. Regulations in this country are out of control, especially the Employment Prevention Agency, the EPA, and all of the rules they continue to impose on our economy and hurting us. How about Obamacare, a certified job killer? It needs to be repealed and replaced. And we need to bring our debt under control, make our economy stronger. That is the way to deal with China at the end of the day."
"TRUMP: Neil, the problem..."
"TRUMP: ... with what Marco is saying is that it takes too long, they're sucking us dry and it takes too long. It would just <U+FFFD> you absolutely have to get involved with China, they are taking so much of what we have in terms of jobs in terms of money. We just can't do it any longer."
"BUSH: Absolutely."
"TRUMP: You looking at me?"
"BUSH: Yeah."
"TRUMP: Can I tell you what? It will never happen because they'll let their currency go up. They're never going to let it happen. Japan, the same thing. They are devaluing <U+FFFD> it's so impossible for <U+FFFD> you look at Caterpillar Tractor and what's happening with Caterpillar and Kamatsu. Kamatsu is a tractor company in Japan. Friends of mine are ordering Kamatsu tractors now because they've de-valued the yen to such an extent that you can't buy a Caterpillar tractor. And we're letting them get away with it and we can't let them get away with it. And that's why we have to use Carl and we have to use our great businesspeople and not political hacks to negotiate with these guys. [applause]"
"BUSH: Here's <U+FFFD> apart from the <U+FFFD> apart from the higher prices on consumers and people are living paycheck to paycheck, apart from that, there will be retaliation."
"BUSH: So they soybean sales from Iowa, entire soybean production goes <U+FFFD> the equivalent of it goes to China. Or how about Boeing right here within a mile? Do you think that the Chinese, if they had a 45 percent tariff imposed on all their imports wouldn't retaliate and start buying Airbus? Of course, they would. This would be devastating for the economy. We need someone with a steady hand being president of the United States."
"TRUMP: And we don't need a weak person being president of the United State, OK? Because that's what we'd get if it were Jeb <U+FFFD> I tell you what, we don't need that."
"TRUMP: We don't need that. That's essentially what we have now, and we don't need that. And that's why we're in the trouble that we're in now. And by the way, Jeb you mentioned Boeing, take a look. They order planes, they make Boeing build their plant in China. They don't want them made here. They want those planes made in China."
"BUSH: They're a mile away from here."
"TRUMP: That's not the way the game is supposed to be played."
"BUSH: My name was mentioned. My name was mentioned here. The simple fact is that the plane that's being build here is being sold to China. You can <U+FFFD> if you <U+FFFD> you flew in with your 767, didn't you? Right there, right next to the plant."
"TRUMP: No, the new planes. I'm not talking about now, I'm talking about in the future they're building massive plants in China because China does not want Boeing building their planes here, they want them built in China, because China happens to be smart the way they do it, not the way we do it."
"BUSH: When you head back to airport tonight, go check and see what the..."
"TRUMP: I'll check for you."
"BUSH: Check it out. [laughter]"
"CRUZ: Thanks for coming back to me, Maria. Both Donald and Jeb have good points, and there is a middle ground. Donald is right that China is running over President Obama like he is a child, President Obama is not protecting American workers and we are getting hammered. You know, I sat down with the senior leadership of John Deere. They discussed how <U+FFFD> how hard it is to sell tractors in China, because all the regulatory barriers. They're protectionist. But Jeb is also right that, if we just impose a tariff, they'll put reciprocal tariffs, which will hurt Iowa farmers and South Carolina producers and 20 percent of the American jobs that depend on exports. So the way you do it is you pass a tax plan like the tax plan I've introduced"
"CRUZ: ... and as president, I'm going to fight for the working men and women. [crosstalk]"
"CHRISTIE: Well, I'm glad you asked that, Maria. Here's <U+FFFD> here's our plan. We've all been talking about tax reforms tonight, and paying for infrastructure is caught right up in tax reform. If you reform the corporate tax system in this country, which, as was mentioned before, is the highest rate in the world <U+FFFD> and we double tax, as you know. And what that's led to over $2 trillion of American companies' monies that are being kept offshore, because they don't want to pay the second tax. And who can blame them? They pay tax once overseas. They don't want to pay 35 percent tax on the way back. So beside reforming that tax code, bringing it down to 25 percent and eliminating those special-interest loopholes that the lobbyists and the lawyers and the accountants have given <U+FFFD> bring that rate down to 25 percent, but also, a one-time repatriation of that money. Bring the money <U+FFFD> the $2 trillion <U+FFFD> back to the United States. We'll tax it, that one time, at 8.75 percent, because 35 percent of zero is zero, but 8.75 percent of $2 trillion is a lot of money. And I would then dedicate that money to rebuilding infrastructure here in this country. It would not necessitate us raising any taxes. It would bring the money back into the United States to help build jobs by American companies and get our economy moving again, and growing as a higher rate, and it would rebuild those roads and bridges and tunnels that you were talking about. And <U+FFFD> and <U+FFFD> and the last piece of this, Maria, is this. You know, the fact is that this president has penalized corporations in America. He's penalized <U+FFFD> and doesn't understand. In fact, what that hurts is hurt hardworking taxpayers. You've seen middle-class wages go backwards $3,700 during the Obama administration. That's wrong for hardworking taxpayers in this country. We'd rebuild infrastructure that would also create jobs in this country, and we'd work with the states to do it the right way, to do it more efficiently and more effectively. And remember this <U+FFFD> I'm credible on this for this reason"
"CARSON: Well, I would suggest a fair tax system, and that's what we have proposed. A flat tax for everybody <U+FFFD> no exemptions, no deductions, no shelters, because some people have a better capability of taking advantage of those than others. You know, and then the other thing we have to do is stop spending so much money. You know, I <U+FFFD> my <U+FFFD> my mother taught me this. You know, she only had a third-grade education, but <U+FFFD> you know, she knew how to stretch a dollar. I mean, she would drive a car until it wouldn't make a sound, and then gather up all her coins and buy a new car. In fact, if my mother were secretary of treasury, we would not be in a deficit situation. But...[laughter]... you know, the <U+FFFD> the <U+FFFD> the fact of the matter is <U+FFFD> you know, if we fix the taxation system, make it absolutely fair, and get rid of the incredible regulations <U+FFFD> because every regulation is a tax, it's a <U+FFFD> on goods and services. And it's the most regressive tax there is. You know, when you go into the store and buy a box of laundry detergent, and the price has up <U+FFFD> you know, 50 cents because of regulations, a poor person notices that. A rich person does not. Middle class may notice it when they get to the cash register. And everything is costing more money, and we are killing our <U+FFFD> our <U+FFFD> our people like this. And Bernie Sanders and Hillary Clinton will say it's those evil rich people. It's not the evil rich people. It's the evil government that is <U+FFFD> that is putting all these regulations on us so that we can't survive. [applause]"
"TRUMP: Maria <U+FFFD> Maria, what you were talking about just now is called corporate inversion. It's one of the biggest problems our country has. Right now, corporations, by the thousands, are thinking of leaving our country with the jobs <U+FFFD> leave them behind. They're leaving because of taxes, but they are also leaving because they can't get their money back and everybody agrees, Democrats and Republicans, that is should come back in. But they can't get along. They can't even make a deal. Here is the case, they both agree, they can't make a deal. We have to do something. Corporate inversion is one of the biggest problems we have. So many companies are going to leave our country."
"TRUMP: Thank you."
"RUBIO: Well, first let me address the tax issue because it's related to the entitlement issue and I want to thank you for holding a substantive debates where we can have debates about these key issues on taxes. [applause] Here is the one thing I'm not going to do. I'm not going to have something that Ted described in his tax plan. It's called the value added tax. And it's a tax you find in many companies in Europe. Where basically, businesses now will have to pay a tax, both on the money they make, but they also have to pay taxes on the money that they pay their employees. And that's why they have it in Europe, because it is a way to blindfolded the people, that's what Ronald Reagan said. Ronald Regan opposed the value tax because he said it was a way to blindfold the people, so the true cost of government was not there there for them. Now, you can support one now that's very low. But what is to prevent a future liberal president or a liberal Congress from coming back and not just raising the income tax, but also raising that VAT tax, and that vat tax is really bad for seniors. Because seniors, if they are retired, are no longer earning an income from a job. And therefore, they don't get the income tax break, but their prices are going to be higher, because the vat tax is embedded in both the prices that business that are charging and in the wages they pay their employees. When I am president of the United States, I'm going to side with Ronald Regan on this and not Nancy Pelosi and we are not having a vat tax. [applause]"
"CRUZ: Maria, I assume that I can respond to that."
"CRUZ: Well, Marco has been floating this attack for a few weeks now, but the problem is, the business flat tax in my proposal is not a vat. A vat is imposed as a sales tax when you buy a good. This is a business flat tax. It is imposed on business and a critical piece that Marco seems to be missing is that this 16 percent business flat tax enables us to eliminate the corporate income tax. It goes away. It enables us to eliminate the death tax. If you're a farmer, if you're a rancher, if you are small business owner, the death tax is gone. We eliminate the payroll tax, we eliminate the Obamacare taxes. And listen, there is a real difference between Marco's tax plan and mine. Mine gives every American a simple, flat tax of 10 percent. Marco's top tax rate is 35 percent. My tax plan enables you to fill out your taxes on a postcard so we can abolish the IRS. Marco leaves the IRS code in with all of the complexity. We need to break the Washington cartel, and the only way to do it is to end all the subsidies and all...[bell rings]...the mandates and have a simple flat tax. The final observation, invoked Ronald Reagan. I would note that Art Laffer, Ronald Reagan's chief economic adviser, has written publicly, that my simple flat tax is the best tax plan of any of the individuals on this stage cause it produces economic growth, it raises wages and it helps everyone from the very poorest to the very richest."
"RUBIO: But that's not an accurate description of the plan. Because, first of all, you may rename the IRS but you are not going to abolishes the IRS, because there has to be some agency that's going to collect your vat tax. Someone's going to be collecting this tax. In fact, Ronald Reagan's treasury, when Ronald Reagan's treasury looked at the vat tax, you know what they found? That they were going to have to hire 20,000 new IRS agencies to collect it. The second point, it does not eliminate the corporate tax or the payroll tax. Businesses will now have to pay 16 percent on the money they make. They will also have to pay 16 percent on the money they pay their employees. So there are people watching tonight in business. If you are now hit on a 60 percent tax on both your income and on the wages you pay your employees, where are you going to get that money from? You're going to get it by paying your employees less and charging your customers more, that is a tax, the difference is, you don't see it on the bill. And that's why Ronald Reagan said that it was a blindfold. You blindfold the American people so that they cannot see the true cost of government. Now 16 percent is what the rate Ted wants it at. But what happens if, God forbid, the next Barack Obama takes over, and the next Nancy Pelosi, and the next Harry Reid...[bell rings]...and they decide, we're going to raise it to 30 percent, plus we're going to raise the income tax to 30 percent. Now, you've got Europe. [crosstalk]"
"CRUZ: Maria..."
"CRUZ: Maria, I'd just like to say...[crosstalk]"
"CHRISTIE: Maria, I'd like to interrupt this on the floor of the Senate to actually answer the question you asked, which was on entitlements. Do you remember that, everybody? This was a question on entitlements. And the reason <U+FFFD> and the reason...[crosstalk]...no, you already had your chance, Marco, and you blew it. Here's the thing. [crosstalk] The fact is, the reason why..."
"RUBIO: If you'll answer the [inaudible] core question."
"CHRISTIE: ... the fact is <U+FFFD> the fact is the reason why that no one wants to answer entitlements up here is because it's hard. It's a hard problem. And I'm the only one up on this stage who back in April put forward a detailed entitlement reform plan that will save over $1 trillion, save Social Security, save Medicare, and avoid this <U+FFFD> avoid what Hillary Rodham Clinton will do to you. Because what she will do is come in and she will raise Social Security taxes. Bernie Sanders has already said it. And she is just one or two more poll drops down from even moving further left than she's moved already to get to the left of Bernie on this. We have seniors out there who are scared to death because this Congress <U+FFFD> this one that we have right now, just stole $150 billion from the Social Security retirement fund to give it to the Social Security disability fund. A Republican Congress did that. And the fact is it was wrong. And they consorted with Barack Obama to steal from Social Security. We need to reform Social Security. Mine is the only plan that saves over $1 trillion and that's why I'm answering your question."
"CARSON: Can I just add one very quick thing? And I just want to say, you know, last week we released our tax plan. And multiple reputable journals, including The Wall Street Journal, said ours is the best. Just want to get that out there, just saying."
"TRUMP: Well, it's an interesting question because I'm very proud of my company. As you too know, I know I built a very great company. But if I become president, I couldn't care less about my company. It's peanuts. I want to use that same up here, whatever it may be to make America rich again and to make America great again. I have Ivanka, and Eric and Don sitting there. Run the company kids, have a good time. I'm going to do it for America. So I would <U+FFFD> I would be willing to do that."
"TRUMP: I would put it in a blind trust. Well, I don't know if it's a blind trust if Ivanka, Don and Eric run it. If that's a blind trust, I don't know. But I would probably have my children run it with my executives and I wouldn't ever be involved because I wouldn't care about anything but our country, anything."
"TRUMP: Thank you."
"CHRISTIE: Well, first off, let's face it, the FBI director James Comey was a friend of mine who I worked with as U.S. Attorney of New Jersey. He was the U.S. Attorney in Manhattan. He said, ""there's a chill wind blowing through law enforcement in this country."" Here's why, the president of the United States and both his attorney's general, they give the benefit of the doubt to the criminal, not to the police officers. That's the truth of the matter and you see it every time with this president. Every time he's got a chance, going all the way back to <U+FFFD> remember that Great Beer Summit he had after he messed up that time. This is a guy who just believes that law enforcement are the bad guys. Now, I for seven years was the U.S. Attorney of New Jersey. I worked hard with not only federal agents but with police officers and here's the problem, sanctuary cities is part of the problem in this country. That's where crime is happening in these cities where they don't enforce the immigration laws. And this president turns his back <U+FFFD> this president doesn't enforce the marijuana laws in this country because he doesn't agree with them. And he allows states to go ahead and do whatever they want on a substance that's illegal. This president allows lawlessness throughout this country. Here's what I would do Neil, I would appoint an Attorney General and I would have one very brief conversation with that Attorney General. I'd say, ""General, enforce the law against everyone justly, fairly, and aggressively. Make our streets safe again. Make our police officers proud of what they do but more important than that, let them know how proud we are of them."" We do that, this country would be safe and secure again not only from criminals but from the terrorist who threaten us as well. I'm the only person on this stage who's done that and we will get it done as President of the United States."
"KASICH: Well, I created a task force well over a year ago and the purpose was to bring law enforcement, community people, clergy and the person that I named as one of the co-chair was a lady by the name of Nina Turner, a former State Senator, a liberal Democrat. She actually ran against one of my friends and our head of public safety. And they say down as a group trying to make sure that we can begin to heal some of these problems that we see between community and police. And they came back with 23 recommendations. One of them is a statewide use of deadly force. And it is now being put into place everyplace across the state of Ohio. Secondly, a policy on recruiting and hiring, and then more resources for <U+FFFD> for training. But let me also tell you, one of the issues has got to be the integration of both community and police. Community has to understand that that police officer wants to get home at night, and not <U+FFFD> not to lose their life. Their family is waiting for them. At the same time, law enforcement understands there are people in the community who not only think that the system doesn't work for them, but works against them. See, in Ohio, we've had some controversial decisions. But the leaders have come forward to realize that protest is fine, but violence is wrong. And it has been a remarkable situation in our state. And as president of the United States, it's all about communication, folks. It's all about getting people to listen to one another's problems. And when you do that, you will be amazed at how much progress you can make, and how much healing we can have. Because, folks, at the end of the day, the country needs healed. I've heard a lot of hot rhetoric here tonight, but I've got to tell you, as somebody that actually passed a budget; that paid down a half-a-trillion dollars of our national debt, you can't do it alone. You've got to bring people together. You've got to give people hope. And together, we can solve these problems that hurt us and heal America. And that is what's so critical for our neighborhoods, our families, our children, and our grandchildren. [applause]"
"RUBIO: Well, first of all, this is an issue that's been debated now for 30 years. And for 30 years, the issue of immigration has been about someone who's in this country, maybe they're here illegally, but they're looking for a job. This issue is not about that anymore. First and foremost, this issue has to be now more than anything else about keeping America safe. And here's why. There is a radical jihadist group that is manipulating our immigration system. And not just green cards. They're looking <U+FFFD> they're recruiting people that enter this country as doctors and engineers and even fiances. They understand the vulnerabilities we have on the southern border. They're looking <U+FFFD> they're looking to manipulate our <U+FFFD> the visa waiver countries to get people into the United States. So our number one priority must now become ensuring that ISIS cannot get killers into the United States. So whether it's green cards or any other form of entry into America, when I'm president if we do not know who you are or why you are coming, you are not going to get into the United States of America."
"RUBIO: The issue is a dramatically different issue than it was 24 months ago. Twenty-four months ago, 36 months ago, you did not have a group of radical crazies named ISIS who were burning people in cages and recruiting people to enter our country legally. They have a sophisticated understanding of our legal immigration system and we now have an obligation to ensure that they are not able to use that system against us. The entire system of legal immigration must now be reexamined for security first and foremost, with an eye on ISIS. Because they're recruiting people to enter this country as engineers, posing as doctors, posing as refugees. We know this for a fact. They've contacted the trafficking networks in the Western Hemisphere to get people in through the southern border. And they got a killer in San Bernardino in posing as a fiance. This issue now has to be about stopping ISIS entering the United States, and when I'm president we will."
"CRUZ: But Maria, radical Islamic terrorism was not invented 24 months ago; 24 months ago, we had Al Qaida. We had Boko Haram. We had Hamas. We had Hezbollah. We had Iran putting operatives in South America and Central America. It's the reason why I stood with Jeff Sessions and Steve King and led the fight to stop the Gang of Eight amnesty bill, because it was clear then, like it's clear now, that border security is national security. [applause]"
"CRUZ: It is also the case that that Rubio-Schumer amnesty bill, one of the things it did is it expanded Barack Obama's power to let in Syrian refugees. It enabled him <U+FFFD> the president to certify them en masse without mandating meaningful background checks. I think that's a mistake. That's why I've been leading the fight to stop it. And I would note the Senate just a few weeks ago voted to suspend refugees from Middle Eastern countries. I voted yes to suspend that. Marco voted on the other side. So you don't get to say we need to secure the borders, and at the same time try to give Barack Obama more authority to allow Middle Eastern refugees coming in, when the head of the FBI tells us they cannot vet them to determine if they are ISIS terrorists."
"RUBIO: Maria, let me clear something up here. This is an interesting point when you talk about immigration. Ted Cruz, you used to say you supported doubling the number of green cards, now you say that you're against it. You used to support a 500 percent increase in the number of guest workers, now you say that you're against it. You used to support legalizing people that were here illegally, now you say you're against it. You used to say that you were in favor of birthright citizenship, now you say that you are against it. And by the way, it's not just on immigration, you used to support TPA, now you say you're against it. I saw you on the Senate floor flip your vote on crop insurance because they told you it would help you in Iowa, and last week, we all saw you flip your vote on ethanol in Iowa for the same reason. [applause] That is not consistent conservatism, that is political calculation. When I am president, I will work consistently every single day to keep this country safe, not call Edward Snowden, as you did, a great public servant. Edward Snowden is a traitor. And if I am president and we get our hands on him, he is standing trial for treason. [applause] And one more point, one more point. Every single time that there has been a Defense bill in the Senate, three people team up to vote against it. Bernie Sanders, Rand Paul and Ted Cruz. In fact, the only budget you have ever voted for, Ted, in your entire time in the Senate is a budget from Rand Paul that brags about how it cuts defense. Here's the bottom line, and I'll close with this. If I'm president of the United States and Congress tries to cut the military, I will veto that in a millisecond. [applause]"
"BUSH: There's <U+FFFD> look, there's <U+FFFD>"
"CRUZ: I'm going to get a response to that, Neil. There's no way he launches 11 attack <U+FFFD>"
"CRUZ: I'm going to <U+FFFD> he had no fewer than 11 attacks there. I appreciate your dumping your [inaudible] research folder on the stage."
"RUBIO: No, it's your record."
"CRUZ: But I will say <U+FFFD>"
"CRUZ: <U+FFFD> at least half of the things Marco said are flat-out false. They're absolutely false."
"CRUZ: So let's start <U+FFFD> let's start with immigration. Let's start with immigration and have a little bit of clarity. Marco stood with Chuck Schumer and Barack Obama on amnesty. I stood with Jeff Sessions and Steve King. Marco stood today, standing on this stage Marco supports legalization and citizenship for 12 million illegals. I opposed and oppose legalization and citizenship. And by the way, the attack he keeps throwing out on the military budget, Marco knows full well I voted for his amendment to increase military spending to $697 billion. What he said, and he said it in the last, it's simply not true. And as president, I will rebuild the military and keep this country safe."
"BUSH: I would try to convince him otherwise, but this last back and forth between two senators <U+FFFD> back bench senators, you know, explains why we have the mess in Washington, D.C. We need a president that will fix our immigration laws and stick with it, not bend with the wind. The simple fact is one of the ways, Maria, to solve the problem you described is narrow the number of people coming by family petitioning to what every other country has so that we have the best and the brightest that come to our country. We need to control the border, we need to do all of this in a comprehensive way, not just going back and forth and talking about stuff <U+FFFD>"
"BUSH: Oh, I'll talk about that, too. But you haven't asked me a question in a while, Neil, so I thought I'd get that off my chest if you don't mind. [laughter]"
"BUSH: I got that. And the problem today is there's no confidence in Washington, D.C. There needs to be more than one meeting, there needs to complete dialogue with the large technology companies. They understand that there's a national security risk. We ought to give them a little bit of a liability release so that they share data amongst themselves and share data with the federal government, they're not fearful of a lawsuit. We need to make sure that we keep the country safe. This is the first priority. The cybersecurity challenges that we face, this administration failed us completely, completely. Not just the hacking of OPM, but that is <U+FFFD> that is just shameful. 23 million files in the hands of the Chinese? So it's not just the government <U+FFFD> the private sector companies, it's also our own government that needs to raise the level of our game. We should put the NSA in charge of the civilian side of this as well. That expertise needs to spread all across the government and there needs to be much more cooperation with our private sector."
"BUSH: You've got to keep asking. You've got to keep asking because this is a hugely important issue. If you can encrypt messages, ISIS can, over these platforms, and we have no ability to have a cooperative relationship <U+FFFD>"
"BUSH: Well, if the law would change, yeah. But I think there has to be recognition that if we <U+FFFD> if we are too punitive, then you'll go to other <U+FFFD> other technology companies outside the United States. And what we want to do is to control this. We also want to dominate this from a commercial side. So there's a lot of balanced interests. But the president leads in this regard. That's what we need. We need leadership, someone who has a backbone and sticks with things, rather than just talks about them as though anything matters when you're talking about amendments that don't even actually are part of a bill that ever passed."
"KASICH: You know, in our country, there are a lot of people who feel as though they just don't have the power. You know, they feel like if they don't have a lobbyist, if they're not wealthy, that somehow they don't get to play. But all of my career, you know, having been raised in <U+FFFD> by a mailman father whose father was a coal miner, who died of black lung and was losing his eyesight; or a mother whose mother could barely speak English. You see, all of my career, I've fought about giving voice to the people that I grew up with and voice to the people that elected me. Whether it's welfare reform and getting something back for the hard-earned taxpayers; whether it's engaging in Pentagon reform and taking on the big contractors that were charging thousands of dollars for hammers and screw drivers and ripping us off; or whether it's taking on the special interests in the nursing home industry in Ohio, so that mom and dad can have the ability to stay in their own home, rather than being forced into a nursing home. Look, that's who I stand up for. That's who's in my mind...[bell rings]...And if you really want to believe that you can get your voice back, I will tell you, as I have all my career, I will continue to fight for you, because you're the ones that built this country, and will carry it into the future. Thank you. [applause]"
"BUSH: Who can you count on to keep us safer, stronger and freer? Results count, and as governor, I pushed Florida up to the top in terms of jobs, income and small business growth. Detailed plans count, and I believe that the plan I've laid out to destroy ISIS before the tragedies of San Bernardino and Paris are the right ones. Credibility counts. There'll be people here that will talk about what they're going to do. I've done it. I ask for your support to build, together, a safer and stronger America. [applause]"
"CHRISTIE: Maria, Neil, thank you for a great tonight. When I think about the folks who are out there at home tonight watching, and I think about what they had to watch this week <U+FFFD> the spectacle they had to watch on the floor of the House of Representatives, with the president of the United States, who talked a fantasy land about the way they're feeling. They know that this country is not respected around the world anymore. They know that this country is pushing the middle class, the hardworking taxpayers, backwards, and they saw a president who doesn't understand their pain, and doesn't have any plan for getting away from it. I love this country. It's the most exceptional country the world has ever known. We need someone to fight for the people. We need a fighter for this country again. I've lived my whole life fighting <U+FFFD> fighting for things that I believe in, fighting for justice and to protect people from crime and terrorism, fighting to stand up for folks who have not had enough and need an opportunity to get more, and to stand up and fight against the special interests. But here's the best way that we're going to make America much more exceptional"
"CARSON: You know, in recent travels around this country, I've encountered so many Americans who are discouraged and angry as they watch our freedom, our security and the American dream slipping away under an unresponsive government that is populated by bureaucrats and special interest groups. We're not going to solve this problem with traditional politics. The only way we're going to solve this problem is with we, the people. And I ask you to join me in truth and honesty and integrity. Bencarson.com <U+FFFD> we will heal, inspire and revive America for our children. [applause]"
"RUBIO: You know, 200 years ago, America was founded on this powerful principle that our rights don't come from government. Our rights come from God. That's why we embraced free enterprise, and it made us the most prosperous people in the history of the world. That's why we embraced individual liberty, and we became the freest people ever, and the result was the American miracle. But now as I travel the country, people say what I feel. This country is changing. It feels different. We feel like we're being left behind and left out. And the reason is simple"
"CRUZ: ""13 Hours"" <U+FFFD> tomorrow morning, a new movie will debut about the incredible bravery of the men fighting for their lives in Benghazi and the politicians that abandoned them. I want to speak to all our fighting men and women. I want to speak to all the moms and dads whose sons and daughters are fighting for this country, and the incredible sense of betrayal when you have a commander-in-chief who will not even speak the name of our enemy, radical Islamic terrorism, when you have a commander-in- chief who sends $150 billion to the Ayatollah Khamenei, who's responsible for murdering hundreds of our servicemen and women. I want to speak to all of those maddened by political correctness, where Hillary Clinton apologizes for saying all lives matter. This will end. It will end on January 2017. And if I am elected president, to every soldier and sailor and airman and marine, and to every police officer and firefighter and first responder who risk their lives to keep us safe, I will have your back. [applause]"
"TRUMP: I stood yesterday with 75 construction workers. They're tough, they're strong, they're great people. Half of them had tears pouring down their face. They were watching the humiliation of our young ten sailors, sitting on the floor with their knees in a begging position, their hands up. And Iranian wise guys having guns to their heads. It was a terrible sight. A terrible sight. And the only reason we got them back is because we owed them with a stupid deal, $150 billion. If I'm president, there won't be stupid deals anymore. We will make America great again. We will win on everything we do. Thank you. [applause]"
